#	Sample	Instrument	Audit Result	Method	Filtered Vol	Added Vol	Live Status	PDF ATP	LIMS ATP	PDF TSB	LIMS TSB	PDF FTM	LIMS FTM	Max CV%	Titan ID	Discrepancies
1	ETX-260827-0291	#2222	PASS	Direct Inoculation		40	Data Review	92940	92940	2812	2812	9424	9424	2%	T0001095545	None
2	ETX-260831-0196	#2222	PASS	Membrane Filtration	12		Data Review	92940	92940	2645	2645	5117	5117	0%	T0001099293	None
3	ETX-260831-0106	#2222	PASS	Membrane Filtration	12		Data Review	92940	92940	3220	3220	5107	5107	3%	T0001099295	None
4	ETX-260831-0110	#2222	PASS	Membrane Filtration	12		Data Review	92940	92940	3196	3196	5195	5195	2%	T0001099303	None
5	ETX-260831-0118	#2222	PASS	Membrane Filtration	12		Data Review	92940	92940	2733	2733	5357	5357	1%	T0001099318	None
6	ETX-260831-0146	#2011	PASS	Membrane Filtration	20		Data Review	92099	92099	3011	3011	7462	7462	N/A	T0001099352	None
7	ETX-260831-0134	#2011	PASS	Membrane Filtration	20		Data Review	92099	92099	2429	2429	7015	7015	N/A	T0001099354	None
8	ETX-260831-0137	#2011	PASS	Membrane Filtration	20		Data Review	92099	92099	2910	2910	7982	7982	N/A	T0001099370	None
9	ETX-260831-0140	#2011	PASS	Membrane Filtration	20		Data Review	92099	92099	2662	2662	10960	10960	N/A	T0001099375	None
10	ETX-260831-0180	#2222	PASS	Membrane Filtration	10		Data Review	92940	92940	2344	2344	5422	5422	2%	T0001099391	None
11	ETX-260831-0210	#2222	PASS	Membrane Filtration	12		Data Review	92940	92940	3384	3384	5654	5654	N/A	T0001099392	None
12	ETX-260831-0149	#2222	PASS	Membrane Filtration	12		Data Review	92940	92940	3290	3290	5640	5640	1%	T0001099403	None
13	ETX-260831-0155	#2222	PASS	Membrane Filtration	12		Data Review	92940	92940	3103	3103	5505	5505	2%	T0001099407	None
14	ETX-260831-0171	#2222	PASS	Membrane Filtration	12		Data Review	92940	92940	2745	2745	6075	6075	0%	T0001099429	None
15	ETX-260831-0173	#2222	PASS	Membrane Filtration	12		Data Review	92940	92940	3087	3087	5797	5797	1%	T0001099443	None
16	ETX-260831-0183	#2222	PASS	Membrane Filtration	12		Data Review	92940	92940	3293	3293	5169	5169	2%	T0001099457	None
17	ETX-260831-0192	#2222	PASS	Membrane Filtration	12		Data Review	92940	92940	3260	3260	5240	5240	0%	T0001099467	None
18	ETX-260831-0194	#2222	PASS	Membrane Filtration	10		Data Review	92940	92940	2637	2637	12781	12781	4%	T0001099473	None
19	ETX-260831-0195	#2011	PASS	Membrane Filtration	40		Data Review	92099	92099	2714	2714	7914	7914	N/A	T0001099475	None
20	ETX-260831-0198	#2222	PASS	Membrane Filtration	12		Data Review	92940	92940	2537	2537	5241	5241	2%	T0001099479	None
21	ETX-260831-0203	#2011	PASS	Direct Inoculation		100	Data Review	92099	92099	688	688	715	715	N/A	T0001099486	None
22	ETX-260831-0202	#2222	PASS	Membrane Filtration	12		Data Review	92940	92940	3236	3236	5658	5658	2%	T0001099490	None
23	ETX-260831-0216	#2222	PASS	Membrane Filtration	12		Data Review	92940	92940	2543	2543	6322	6322	3%	T0001099496	None
24	ETX-260831-0207	#2222	PASS	Membrane Filtration	12		Data Review	92940	92940	3993	3993	5389	5389	N/A	T0001099499	None
25	ETX-260831-0208	#2222	PASS	Membrane Filtration	12		Data Review	92940	92940	3460	3460	7278	7278	4%	T0001099511	None
26	ETX-260831-0214	#2222	PASS	Membrane Filtration	12		Data Review	92940	92940	3274	3274	5074	5074	0%	T0001099519	None
27	ETX-260831-0233	#2222	PASS	Membrane Filtration	12		Data Review	92940	92940	3159	3159	5286	5286	3%	T0001099530	None
28	ETX-260831-0224	#2222	PASS	Membrane Filtration	12		Data Review	92940	92940	3359	3359	5398	5398	N/A	T0001099534	None
29	ETX-260831-0229	#2222	PASS	Membrane Filtration	12		Data Review	92940	92940	3109	3109	5066	5066	1%	T0001099547	None
30	ETX-260831-0258	#2222	PASS	Membrane Filtration	10		Data Review	92940	92940	2749	2749	5596	5596	N/A	T0001099570	None
31	ETX-260831-0249	#2011	PASS	Membrane Filtration	20		Data Review	92099	92099	2671	2671	7214	7214	N/A	T0001099577	None
32	ETX-260831-0267	#2011	PASS	Membrane Filtration	20		Data Review	92099	92099	3030	3030	6611	6611	N/A	T0001099622	None
33	ETX-260831-0276	#2011	PASS	Membrane Filtration	20		Data Review	92099	92099	2864	2864	8556	8556	N/A	T0001099625	None
34	ETX-260831-0274	#2011	PASS	Membrane Filtration	20		Data Review	92099	92099	2551	2551	9211	9211	N/A	T0001099636	None
35	ETX-260901-0038	#2011	PASS	Membrane Filtration	20		Data Review	92099	92099	3074	3074	8304	8304	7%	T0001100914	None
36	ETX-260901-0037	#2011	PASS	Membrane Filtration	20		Data Review	92099	92099	2487	2487	7847	7847	N/A	T0001100918	None
37	ETX-260901-0047	#2222	PASS	Membrane Filtration	12		Data Review	92940	92940	3071	3071	5710	5710	2%	T0001100919	None
38	ETX-260901-0039	#2222	PASS	Membrane Filtration	12		Data Review	92940	92940	2548	2548	6074	6074	1%	T0001100921	None
39	ETX-260901-0045	#2222	PASS	Membrane Filtration	12		Data Review	92940	92940	3265	3265	4921	4921	4%	T0001100924	None
40	ETX-260901-0041	#2222	PASS	Membrane Filtration	12		Data Review	92940	92940	2389	2389	5837	5837	1%	T0001100929	None
41	ETX-260901-0042	#2222	PASS	Membrane Filtration	12		Data Review	92940	92940	2743	2743	5299	5299	3%	T0001100931	None
42	ETX-260901-0043	#2222	PASS	Membrane Filtration	12		Data Review	92940	92940	3069	3069	7089	7089	1%	T0001100934	None
43	ETX-260901-0044	#2222	PASS	Membrane Filtration	12		Data Review	92940	92940	3223	3223	5064	5064	0%	T0001100936	None
44	ETX-260901-0050	#2222	PASS	Membrane Filtration	12		Data Review	92940	92940	3225	3225	5744	5744	2%	T0001100941	None
45	ETX-260901-0048	#2222	PASS	Membrane Filtration	12		Data Review	92940	92940	3365	3365	5820	5820	2%	T0001100943	None
46	ETX-260901-0049	#2222	PASS	Membrane Filtration	12		Data Review	92940	92940	3096	3096	5225	5225	0%	T0001100945	None
47	ETX-260901-0141	#2011	PASS	Direct Inoculation		100	Data Review	92099	92099	241	241	289	289	11%	T0001101138	None
48	ETX-260901-0158	#2011	PASS	Direct Inoculation		40	Data Review	92099	92099	281	281	245	245	11%	T0001101166	None
49	ETX-260901-0316	#2222	PASS	Direct Inoculation		20	Data Review	92940	92940	1198	1198	3396	3396	2%	T0001101567	None
50	ETX-260901-0318	#2222	PASS	Direct Inoculation		30	Data Review	92940	92940	1111	1111	4333	4333	3%	T0001101576	None
51	ETX-260901-0321	#2222	PASS	Direct Inoculation		50	Data Review	92940	92940	2138	2138	5009	5009	22%	T0001101585	None
52	ETX-260901-0371	#2222	PASS	Direct Inoculation		20	Data Review	92940	92940	1364	1364	4042	4042	8%	T0001101695	None
53	ETX-260901-0476	#2011	BLOCK (DI Rule 9 violation: Added Volume is empty)	Direct Inoculation			Data Review	92099	92099	195	195	456	456	1%	T0001102067	DI Rule 9 violation: Added Volume is empty
54	ETX-260901-0510	#2222	PASS	Membrane Filtration	7.5		Data Review	92940	92940	2839	2839	5362	5362	3%	T0001102150	None
55	ETX-260901-0517	#2222	PASS	Direct Inoculation		20	Data Review	92940	92940	831	831	2439	2439	6%	T0001102199	None
56	ETX-260901-0532	#2222	PASS	Direct Inoculation		20	Data Review	92940	92940	838	838	2576	2576	5%	T0001102240	None
57	ETX-260901-0553	#2222	PASS	Direct Inoculation		20	Data Review	92940	92940	913	913	2834	2834	2%	T0001102282	None
58	ETX-260901-0565	#2222	PASS	Direct Inoculation		20	Data Review	92940	92940	1160	1160	3287	3287	4%	T0001102298	None
59	ETX-260901-0574	#2222	PASS	Direct Inoculation		20	Data Review	92940	92940	1185	1185	2232	2232	0%	T0001102314	None
60	ETX-260901-0629	#2222	PASS	Membrane Filtration	15		Data Review	92940	92940	3158	3158	5982	5982	2%	T0001102436	None
61	ETX-260901-0632	#2222	PASS	Direct Inoculation		20	Data Review	92940	92940	2933	2933	7819	7819	3%	T0001102450	None
62	ETX-260901-0731	#2222	PASS	Membrane Filtration	15		Data Review	92940	92940	2953	2953	6292	6292	4%	T0001102685	None
63	ETX-260901-0784	#2222	PASS	Membrane Filtration	15		Data Review	92940	92940	3229	3229	5191	5191	3%	T0001102830	None
64	ETX-260902-0437	#2011	PASS	Direct Inoculation		50	Data Review	92099	92099	2870	2870	9937	9937	N/A	T0001104039	None