Packet	Sample	Approved Time	Interval from Prev (s)	Approver	Hour of Day	Day of Week
01SEP26.pdf	ETX-260824-0192	9/1/2026 2:30:23 PM	0	OAjayi	14:00	Tuesday
01SEP26.pdf	ETX-260824-0094	9/1/2026 2:31:03 PM	40	OAjayi	14:00	Tuesday
01SEP26.pdf	ETX-260824-0137	9/1/2026 2:31:49 PM	46	OAjayi	14:00	Tuesday
01SEP26.pdf	ETX-260824-0312	9/1/2026 2:32:44 PM	55	OAjayi	14:00	Tuesday
01SEP26.pdf	ETX-260824-0131	9/1/2026 2:33:19 PM	35	OAjayi	14:00	Tuesday
01SEP26.pdf	ETX-260824-0147	9/1/2026 2:34:03 PM	44	OAjayi	14:00	Tuesday
01SEP26.pdf	ETX-260824-0078	9/1/2026 2:35:04 PM	61	OAjayi	14:00	Tuesday
01SEP26.pdf	ETX-260824-0136	9/1/2026 2:35:40 PM	36	OAjayi	14:00	Tuesday
01SEP26.pdf	ETX-260824-0164	9/1/2026 2:36:28 PM	48	OAjayi	14:00	Tuesday
01SEP26.pdf	ETX-260824-0074	9/1/2026 2:36:56 PM	28	OAjayi	14:00	Tuesday
01SEP26.pdf	ETX-260824-0197	9/1/2026 2:38:20 PM	84	OAjayi	14:00	Tuesday
01SEP26.pdf	ETX-260824-0361	9/1/2026 2:39:03 PM	43	OAjayi	14:00	Tuesday
01SEP26.pdf	ETX-260824-0076	9/1/2026 2:39:43 PM	40	OAjayi	14:00	Tuesday
01SEP26.pdf	ETX-260824-0202	9/1/2026 2:41:22 PM	99	OAjayi	14:00	Tuesday
01SEP26.pdf	ETX-260824-0133	9/1/2026 2:41:45 PM	23	OAjayi	14:00	Tuesday
01SEP26.pdf	ETX-260824-0064	9/1/2026 2:42:19 PM	34	OAjayi	14:00	Tuesday
01SEP26.pdf	ETX-260824-0194	9/1/2026 2:42:58 PM	39	OAjayi	14:00	Tuesday
01SEP26.pdf	ETX-260824-0075	9/1/2026 2:43:36 PM	38	OAjayi	14:00	Tuesday
01SEP26.pdf	ETX-260824-0216	9/1/2026 2:44:10 PM	34	OAjayi	14:00	Tuesday
01SEP26.pdf	ETX-260824-0124	9/1/2026 2:45:15 PM	65	OAjayi	14:00	Tuesday
01SEP26.pdf	ETX-260824-0187	9/1/2026 2:45:57 PM	42	OAjayi	14:00	Tuesday
01SEP26.pdf	ETX-260824-0191	9/1/2026 2:46:47 PM	50	OAjayi	14:00	Tuesday
01SEP26.pdf	ETX-260824-0105	9/1/2026 2:47:21 PM	34	OAjayi	14:00	Tuesday
01SEP26.pdf	ETX-260824-0217	9/1/2026 2:49:58 PM	157	OAjayi	14:00	Tuesday
01SEP26.pdf	ETX-260824-0210	9/1/2026 2:50:20 PM	22	OAjayi	14:00	Tuesday
01SEP26.pdf	ETX-260824-0107	9/1/2026 2:50:50 PM	30	OAjayi	14:00	Tuesday
01SEP26.pdf	ETX-260824-0160	9/1/2026 2:51:22 PM	32	OAjayi	14:00	Tuesday
01SEP26.pdf	ETX-260824-0154	9/1/2026 2:51:58 PM	36	OAjayi	14:00	Tuesday
01SEP26.pdf	ETX-260824-0061	9/1/2026 2:52:33 PM	35	OAjayi	14:00	Tuesday
01SEP26.pdf	ETX-260824-0119	9/1/2026 2:53:05 PM	32	OAjayi	14:00	Tuesday
01SEP26.pdf	ETX-260824-0071	9/1/2026 2:53:30 PM	25	OAjayi	14:00	Tuesday
01SEP26.pdf	ETX-260824-0207	9/1/2026 2:54:37 PM	67	OAjayi	14:00	Tuesday
01SEP26.pdf	ETX-260824-0150	9/1/2026 2:55:21 PM	44	OAjayi	14:00	Tuesday
01SEP26.pdf	ETX-260824-0110	9/1/2026 2:55:46 PM	25	OAjayi	14:00	Tuesday
01SEP26.pdf	ETX-260824-0156	9/1/2026 2:56:55 PM	69	OAjayi	14:00	Tuesday
01SEP26.pdf	ETX-260824-0169	9/1/2026 2:59:09 PM	134	OAjayi	14:00	Tuesday
01SEP26.pdf	ETX-260824-0087	9/1/2026 3:04:55 PM	346	OAjayi	15:00	Tuesday
01SEP26.pdf	ETX-260824-0073	9/1/2026 3:09:13 PM	258	OAjayi	15:00	Tuesday
01SEP26.pdf	ETX-260824-0112	9/1/2026 3:09:31 PM	18	OAjayi	15:00	Tuesday
01SEP26.pdf	ETX-260824-0121	9/1/2026 3:09:59 PM	28	OAjayi	15:00	Tuesday
01SEP26.pdf	ETX-260824-0080	9/1/2026 3:10:30 PM	31	OAjayi	15:00	Tuesday
01SEP26.pdf	ETX-260824-0181	9/1/2026 3:10:56 PM	26	OAjayi	15:00	Tuesday
01SEP26.pdf	ETX-260824-0066	9/1/2026 3:13:19 PM	143	OAjayi	15:00	Tuesday
01SEP26.pdf	ETX-260824-0100	9/1/2026 3:14:27 PM	68	OAjayi	15:00	Tuesday
01SEP26.pdf	ETX-260824-0151	9/1/2026 3:15:01 PM	34	OAjayi	15:00	Tuesday
01SEP26.pdf	ETX-260824-0180	9/1/2026 3:15:20 PM	19	OAjayi	15:00	Tuesday
01SEP26.pdf	ETX-260821-0052	9/1/2026 3:19:57 PM	277	OAjayi	15:00	Tuesday
01SEP26.pdf	ETX-260821-0054	9/1/2026 3:20:18 PM	21	OAjayi	15:00	Tuesday
01SEP26.pdf	ETX-260821-0051	9/1/2026 3:20:43 PM	25	OAjayi	15:00	Tuesday
01SEP26.pdf	ETX-260821-0060	9/1/2026 3:21:07 PM	24	OAjayi	15:00	Tuesday
01SEP26.pdf	ETX-260821-0068	9/1/2026 3:21:28 PM	21	OAjayi	15:00	Tuesday
01SEP26.pdf	ETX-260821-0053	9/1/2026 3:22:15 PM	47	OAjayi	15:00	Tuesday
01SEP26.pdf	ETX-260821-0058	9/1/2026 3:23:03 PM	48	OAjayi	15:00	Tuesday
01SEP26.pdf	ETX-260821-0063	9/1/2026 3:23:26 PM	23	OAjayi	15:00	Tuesday
01SEP26.pdf	ETX-260821-0050	9/1/2026 3:23:49 PM	23	OAjayi	15:00	Tuesday
01SEP26.pdf	ETX-260821-0041	9/1/2026 3:24:15 PM	26	OAjayi	15:00	Tuesday
01SEP26.pdf	ETX-260821-0067	9/1/2026 3:24:42 PM	27	OAjayi	15:00	Tuesday
01SEP26.pdf	ETX-260824-0003	9/1/2026 3:25:59 PM	77	OAjayi	15:00	Tuesday
01SEP26.pdf	ETX-260821-0525	9/1/2026 3:27:01 PM	62	OAjayi	15:00	Tuesday
01SEP26.pdf	ETX-260824-0634	9/1/2026 3:27:59 PM	58	OAjayi	15:00	Tuesday
01SEP26.pdf	ETX-260824-0838	9/1/2026 3:29:02 PM	63	OAjayi	15:00	Tuesday
01SEP26.pdf	ETX-260824-0833	9/1/2026 3:29:30 PM	28	OAjayi	15:00	Tuesday
01SEP26.pdf	ETX-260824-0829	9/1/2026 3:30:03 PM	33	OAjayi	15:00	Tuesday
01SEP26.pdf	ETX-260824-0698	9/1/2026 3:31:17 PM	74	OAjayi	15:00	Tuesday
01SEP26.pdf	ETX-260824-0828	9/1/2026 3:31:54 PM	37	OAjayi	15:00	Tuesday
01SEP26.pdf	ETX-260824-0837	9/1/2026 3:32:16 PM	22	OAjayi	15:00	Tuesday
01SEP26.pdf	ETX-260824-0835	9/1/2026 3:34:33 PM	137	OAjayi	15:00	Tuesday
01SEP26.pdf	ETX-260824-0839	9/1/2026 3:34:58 PM	25	OAjayi	15:00	Tuesday
01SEP26.pdf	ETX-260821-0542	9/1/2026 3:35:50 PM	52	OAjayi	15:00	Tuesday
01SEP26.pdf	ETX-260824-0127	9/1/2026 3:39:17 PM	207	OAjayi	15:00	Tuesday
01SEP26.pdf	ETX-260821-0408	9/1/2026 3:51:40 PM	743	OAjayi	15:00	Tuesday
01SEP26.pdf	ETX-260821-0526	9/1/2026 3:52:02 PM	22	OAjayi	15:00	Tuesday
01SEP26.pdf	ETX-260821-0545	9/1/2026 3:52:24 PM	22	OAjayi	15:00	Tuesday
01SEP26.pdf	ETX-260821-0531	9/1/2026 3:52:42 PM	18	OAjayi	15:00	Tuesday
01SEP26.pdf	ETX-260821-0187	9/1/2026 3:55:15 PM	153	OAjayi	15:00	Tuesday
01SEP26.pdf	ETX-260824-0760	9/1/2026 3:55:34 PM	19	OAjayi	15:00	Tuesday
01SEP26.pdf	ETX-260824-0316	9/1/2026 3:56:53 PM	79	OAjayi	15:00	Tuesday
01SEP26.pdf	ETX-260824-0083	9/1/2026 3:57:15 PM	22	OAjayi	15:00	Tuesday
01SEP26.pdf	ETX-260824-0475	9/1/2026 3:58:40 PM	85	OAjayi	15:00	Tuesday
01SEP26.pdf	ETX-260821-0478	9/1/2026 3:59:14 PM	34	OAjayi	15:00	Tuesday
01SEP26.pdf	ETX-260824-0483	9/1/2026 4:00:46 PM	92	OAjayi	16:00	Tuesday
01SEP26.pdf	ETX-260821-0491	9/1/2026 4:01:52 PM	66	OAjayi	16:00	Tuesday
01SEP26.pdf	ETX-260824-0686	9/1/2026 4:03:05 PM	73	OAjayi	16:00	Tuesday
01SEP26.pdf	ETX-260824-0717	9/1/2026 4:04:29 PM	84	OAjayi	16:00	Tuesday
01SEP26.pdf	ETX-260824-0471	9/1/2026 4:04:53 PM	24	OAjayi	16:00	Tuesday
01SEP26.pdf	ETX-260824-0479	9/1/2026 4:06:37 PM	104	OAjayi	16:00	Tuesday
02SEP26.pdf	ETX-260824-0060	8/27/2026 1:50:15 PM	0	OAjayi	13:00	Thursday
02SEP26.pdf	ETX-260821-0537	9/2/2026 2:00:20 PM	519005	OAjayi	14:00	Wednesday
02SEP26.pdf	ETX-260824-0143	9/2/2026 2:02:26 PM	126	OAjayi	14:00	Wednesday
02SEP26.pdf	ETX-260824-0146	9/2/2026 2:03:07 PM	41	OAjayi	14:00	Wednesday
02SEP26.pdf	ETX-260824-0166	9/2/2026 2:03:48 PM	41	OAjayi	14:00	Wednesday
02SEP26.pdf	ETX-260824-0067	9/2/2026 2:05:00 PM	72	OAjayi	14:00	Wednesday
02SEP26.pdf	ETX-260824-0140	9/2/2026 2:05:52 PM	52	OAjayi	14:00	Wednesday
02SEP26.pdf	ETX-260824-0072	9/2/2026 2:06:32 PM	40	OAjayi	14:00	Wednesday
02SEP26.pdf	ETX-260824-0173	9/2/2026 2:07:01 PM	29	OAjayi	14:00	Wednesday
02SEP26.pdf	ETX-260824-0214	9/2/2026 2:07:33 PM	32	OAjayi	14:00	Wednesday
02SEP26.pdf	ETX-260824-0212	9/2/2026 2:08:52 PM	79	OAjayi	14:00	Wednesday
02SEP26.pdf	ETX-260824-0069	9/2/2026 2:09:29 PM	37	OAjayi	14:00	Wednesday
02SEP26.pdf	ETX-260825-0119	9/2/2026 2:11:46 PM	137	OAjayi	14:00	Wednesday
02SEP26.pdf	ETX-260825-0107	9/2/2026 2:13:42 PM	116	OAjayi	14:00	Wednesday
02SEP26.pdf	ETX-260825-0129	9/2/2026 2:14:15 PM	33	OAjayi	14:00	Wednesday
02SEP26.pdf	ETX-260825-0162	9/2/2026 2:15:06 PM	51	OAjayi	14:00	Wednesday
02SEP26.pdf	ETX-260825-0121	9/2/2026 2:15:53 PM	47	OAjayi	14:00	Wednesday
02SEP26.pdf	ETX-260825-0134	9/2/2026 2:16:20 PM	27	OAjayi	14:00	Wednesday
02SEP26.pdf	ETX-260825-0113	9/2/2026 2:16:56 PM	36	OAjayi	14:00	Wednesday
02SEP26.pdf	ETX-260825-0148	9/2/2026 2:17:16 PM	20	OAjayi	14:00	Wednesday
02SEP26.pdf	ETX-260825-0138	9/2/2026 2:17:45 PM	29	OAjayi	14:00	Wednesday
02SEP26.pdf	ETX-260825-0127	9/2/2026 2:18:08 PM	23	OAjayi	14:00	Wednesday
02SEP26.pdf	ETX-260825-0357	9/2/2026 2:20:35 PM	147	OAjayi	14:00	Wednesday
02SEP26.pdf	ETX-260825-0521	9/2/2026 2:20:58 PM	23	OAjayi	14:00	Wednesday
02SEP26.pdf	ETX-260825-0794	9/2/2026 2:22:26 PM	88	OAjayi	14:00	Wednesday
02SEP26.pdf	ETX-260825-0684	9/2/2026 2:22:57 PM	31	OAjayi	14:00	Wednesday
02SEP26.pdf	ETX-260825-0340	9/2/2026 2:24:09 PM	72	OAjayi	14:00	Wednesday
02SEP26.pdf	ETX-260825-0535	9/2/2026 2:24:40 PM	31	OAjayi	14:00	Wednesday
02SEP26.pdf	ETX-260825-0624	9/2/2026 2:26:09 PM	89	OAjayi	14:00	Wednesday
02SEP26.pdf	ETX-260825-0780	9/2/2026 2:26:32 PM	23	OAjayi	14:00	Wednesday
02SEP26.pdf	ETX-260825-0594	9/2/2026 2:27:13 PM	41	OAjayi	14:00	Wednesday
03AUG26.pdf	ETX-260723-0376	8/3/2026 4:11:21 PM	0	OAjayi	16:00	Monday
03AUG26.pdf	ETX-260724-0226	8/3/2026 4:11:51 PM	30	OAjayi	16:00	Monday
03AUG26.pdf	ETX-260722-0315	8/3/2026 4:12:07 PM	16	OAjayi	16:00	Monday
03AUG26.pdf	ETX-260722-0165	8/3/2026 4:13:00 PM	53	OAjayi	16:00	Monday
03AUG26.pdf	ETX-260723-0327	8/3/2026 4:13:39 PM	39	OAjayi	16:00	Monday
03AUG26.pdf	ETX-260723-0330	8/3/2026 4:13:58 PM	19	OAjayi	16:00	Monday
03AUG26.pdf	ETX-260723-0318	8/3/2026 4:16:16 PM	138	OAjayi	16:00	Monday
03AUG26.pdf	ETX-260723-0394	8/3/2026 4:17:39 PM	83	OAjayi	16:00	Monday
03AUG26.pdf	ETX-260723-0604	8/3/2026 4:18:28 PM	49	OAjayi	16:00	Monday
03AUG26.pdf	ETX-260724-0005	8/3/2026 4:18:46 PM	18	OAjayi	16:00	Monday
03AUG26.pdf	ETX-260724-0254	8/3/2026 4:19:27 PM	41	OAjayi	16:00	Monday
03AUG26.pdf	ETX-260723-0337	8/3/2026 4:20:01 PM	34	OAjayi	16:00	Monday
03AUG26.pdf	ETX-260723-0335	8/3/2026 4:20:34 PM	33	OAjayi	16:00	Monday
03AUG26.pdf	ETX-260723-0630	8/3/2026 4:21:25 PM	51	OAjayi	16:00	Monday
03AUG26.pdf	ETX-260722-0422	8/3/2026 4:24:54 PM	209	OAjayi	16:00	Monday
03AUG26.pdf	ETX-260723-0428	8/3/2026 4:25:26 PM	32	OAjayi	16:00	Monday
03AUG26.pdf	ETX-260722-0556	8/3/2026 4:26:13 PM	47	OAjayi	16:00	Monday
03AUG26.pdf	ETX-260723-0400	8/3/2026 4:26:53 PM	40	OAjayi	16:00	Monday
03AUG26.pdf	ETX-260723-0240	8/3/2026 4:28:56 PM	123	OAjayi	16:00	Monday
03AUG26.pdf	ETX-260724-0247	8/3/2026 4:29:07 PM	11	OAjayi	16:00	Monday
03AUG26.pdf	ETX-260724-0230	8/3/2026 4:29:28 PM	21	OAjayi	16:00	Monday
03AUG26.pdf	ETX-260723-0593	8/3/2026 4:30:07 PM	39	OAjayi	16:00	Monday
03AUG26.pdf	ETX-260724-0089	8/3/2026 4:30:52 PM	45	OAjayi	16:00	Monday
03AUG26.pdf	ETX-260723-0619	8/3/2026 4:31:09 PM	17	OAjayi	16:00	Monday
03AUG26.pdf	ETX-260723-0529	8/3/2026 4:31:27 PM	18	OAjayi	16:00	Monday
03AUG26.pdf	ETX-260724-0235	8/3/2026 4:32:54 PM	87	OAjayi	16:00	Monday
03AUG26.pdf	ETX-260723-0307	8/3/2026 4:33:23 PM	29	OAjayi	16:00	Monday
03AUG26.pdf	ETX-260721-0807	8/3/2026 4:33:58 PM	35	OAjayi	16:00	Monday
03AUG26.pdf	ETX-260723-0210	8/3/2026 4:34:48 PM	50	OAjayi	16:00	Monday
03SEP26.pdf	ETX-260825-0161	9/3/2026 4:16:33 PM	0	OAjayi	16:00	Thursday
03SEP26.pdf	ETX-260825-0106	9/3/2026 4:16:46 PM	13	OAjayi	16:00	Thursday
03SEP26.pdf	ETX-260825-0147	9/3/2026 4:17:06 PM	20	OAjayi	16:00	Thursday
03SEP26.pdf	ETX-260825-0124	9/3/2026 4:17:22 PM	16	OAjayi	16:00	Thursday
03SEP26.pdf	ETX-260825-0122	9/3/2026 4:18:06 PM	44	OAjayi	16:00	Thursday
03SEP26.pdf	ETX-260825-0110	9/3/2026 4:18:31 PM	25	OAjayi	16:00	Thursday
03SEP26.pdf	ETX-260825-0131	9/3/2026 4:19:07 PM	36	OAjayi	16:00	Thursday
03SEP26.pdf	ETX-260825-0102	9/3/2026 4:19:39 PM	32	OAjayi	16:00	Thursday
03SEP26.pdf	ETX-260825-0111	9/3/2026 4:20:00 PM	21	OAjayi	16:00	Thursday
03SEP26.pdf	ETX-260825-0146	9/3/2026 4:20:49 PM	49	OAjayi	16:00	Thursday
03SEP26.pdf	ETX-260825-0674	9/3/2026 4:21:28 PM	39	OAjayi	16:00	Thursday
03SEP26.pdf	ETX-260824-0189	9/3/2026 4:21:54 PM	26	OAjayi	16:00	Thursday
03SEP26.pdf	ETX-260825-0180	9/3/2026 4:22:24 PM	30	OAjayi	16:00	Thursday
03SEP26.pdf	ETX-260825-0712	9/3/2026 4:23:08 PM	44	OAjayi	16:00	Thursday
03SEP26.pdf	ETX-260824-0831	9/3/2026 4:23:23 PM	15	OAjayi	16:00	Thursday
03SEP26.pdf	ETX-260825-0645	9/3/2026 4:24:26 PM	63	OAjayi	16:00	Thursday
03SEP26.pdf	ETX-260825-0668	9/3/2026 4:25:38 PM	72	OAjayi	16:00	Thursday
03SEP26.pdf	ETX-260825-0753	9/3/2026 4:25:55 PM	17	OAjayi	16:00	Thursday
03SEP26.pdf	ETX-260824-0821	9/3/2026 4:26:09 PM	14	OAjayi	16:00	Thursday
03SEP26.pdf	ETX-260825-0811	9/3/2026 4:27:33 PM	84	OAjayi	16:00	Thursday
03SEP26.pdf	ETX-260825-0563	9/3/2026 4:27:50 PM	17	OAjayi	16:00	Thursday
03SEP26.pdf	ETX-260825-0589	9/3/2026 4:28:11 PM	21	OAjayi	16:00	Thursday
03SEP26.pdf	ETX-260825-0591	9/3/2026 4:28:35 PM	24	OAjayi	16:00	Thursday
03SEP26.pdf	ETX-260825-0569	9/3/2026 4:28:55 PM	20	OAjayi	16:00	Thursday
03SEP26.pdf	ETX-260825-0560	9/3/2026 4:29:20 PM	25	OAjayi	16:00	Thursday
03SEP26.pdf	ETX-260825-0579	9/3/2026 4:29:36 PM	16	OAjayi	16:00	Thursday
03SEP26.pdf	ETX-260825-0700	9/3/2026 4:30:31 PM	55	OAjayi	16:00	Thursday
03SEP26.pdf	ETX-260826-0475	9/3/2026 4:33:06 PM	155	OAjayi	16:00	Thursday
03SEP26.pdf	ETX-260826-0477	9/3/2026 4:33:23 PM	17	OAjayi	16:00	Thursday
03SEP26.pdf	ETX-260826-0346	9/3/2026 4:33:37 PM	14	OAjayi	16:00	Thursday
03SEP26.pdf	ETX-260826-0470	9/3/2026 4:34:07 PM	30	OAjayi	16:00	Thursday
03SEP26.pdf	ETX-260826-0315	9/3/2026 4:34:43 PM	36	OAjayi	16:00	Thursday
03SEP26.pdf	ETX-260826-0472	9/3/2026 4:35:15 PM	32	OAjayi	16:00	Thursday
03SEP26.pdf	ETX-260826-0473	9/3/2026 4:35:42 PM	27	OAjayi	16:00	Thursday
03SEP26.pdf	ETX-260826-0376	9/3/2026 4:36:07 PM	25	OAjayi	16:00	Thursday
03SEP26.pdf	ETX-260825-0309	9/3/2026 4:36:35 PM	28	OAjayi	16:00	Thursday
03SEP26.pdf	ETX-260826-0311	9/3/2026 4:38:51 PM	136	OAjayi	16:00	Thursday
03SEP26.pdf	ETX-260825-0689	9/3/2026 4:41:07 PM	136	OAjayi	16:00	Thursday
03SEP26.pdf	ETX-260825-0789	9/3/2026 4:41:47 PM	40	OAjayi	16:00	Thursday
03SEP26.pdf	ETX-260825-0782	9/3/2026 4:42:07 PM	20	OAjayi	16:00	Thursday
03SEP26.pdf	ETX-260825-0706	9/3/2026 4:42:28 PM	21	OAjayi	16:00	Thursday
03SEP26.pdf	ETX-260825-0779	9/3/2026 4:42:49 PM	21	OAjayi	16:00	Thursday
03SEP26.pdf	ETX-260821-0318	9/3/2026 4:43:17 PM	28	OAjayi	16:00	Thursday
03SEP26.pdf	ETX-260826-0132	9/3/2026 4:44:27 PM	70	OAjayi	16:00	Thursday
03SEP26.pdf	ETX-260826-0131	9/3/2026 4:44:52 PM	25	OAjayi	16:00	Thursday
03SEP26.pdf	ETX-260826-0106	9/3/2026 4:45:15 PM	23	OAjayi	16:00	Thursday
03SEP26.pdf	ETX-260826-0360	9/3/2026 4:46:19 PM	64	OAjayi	16:00	Thursday
03SEP26.pdf	ETX-260825-0504	9/3/2026 4:47:08 PM	49	OAjayi	16:00	Thursday
03SEP26.pdf	ETX-260824-0616	9/3/2026 4:47:56 PM	48	OAjayi	16:00	Thursday
03SEP26.pdf	ETX-260826-0129	9/3/2026 4:48:33 PM	37	OAjayi	16:00	Thursday
04AUG26.pdf	ETX-260727-0635	7/29/2026 6:43:40 PM	0	OAjayi	18:00	Wednesday
04AUG26.pdf	ETX-260723-0564	8/4/2026 2:38:29 PM	503689	OAjayi	14:00	Tuesday
04AUG26.pdf	ETX-260723-0576	8/4/2026 2:38:45 PM	16	OAjayi	14:00	Tuesday
04AUG26.pdf	ETX-260723-0585	8/4/2026 2:39:12 PM	27	OAjayi	14:00	Tuesday
04AUG26.pdf	ETX-260723-0588	8/4/2026 2:39:28 PM	16	OAjayi	14:00	Tuesday
04AUG26.pdf	ETX-260723-0597	8/4/2026 2:40:06 PM	38	OAjayi	14:00	Tuesday
04AUG26.pdf	ETX-260723-0605	8/4/2026 2:41:03 PM	57	OAjayi	14:00	Tuesday
04AUG26.pdf	ETX-260723-0606	8/4/2026 2:41:21 PM	18	OAjayi	14:00	Tuesday
04AUG26.pdf	ETX-260724-0028	8/4/2026 2:42:30 PM	69	OAjayi	14:00	Tuesday
04AUG26.pdf	ETX-260724-0029	8/4/2026 2:42:54 PM	24	OAjayi	14:00	Tuesday
04AUG26.pdf	ETX-260724-0027	8/4/2026 2:43:34 PM	40	OAjayi	14:00	Tuesday
04AUG26.pdf	ETX-260726-0047	8/4/2026 2:44:53 PM	79	OAjayi	14:00	Tuesday
04AUG26.pdf	ETX-260726-0023	8/4/2026 2:45:23 PM	30	OAjayi	14:00	Tuesday
04AUG26.pdf	ETX-260726-0015	8/4/2026 2:46:01 PM	38	OAjayi	14:00	Tuesday
04AUG26.pdf	ETX-260726-0025	8/4/2026 2:46:14 PM	13	OAjayi	14:00	Tuesday
04AUG26.pdf	ETX-260727-0457	8/4/2026 2:47:25 PM	71	OAjayi	14:00	Tuesday
04AUG26.pdf	ETX-260727-0032	8/4/2026 2:50:59 PM	214	OAjayi	14:00	Tuesday
04AUG26.pdf	ETX-260727-0509	8/4/2026 2:51:17 PM	18	OAjayi	14:00	Tuesday
04AUG26.pdf	ETX-260727-0435	8/4/2026 2:51:51 PM	34	OAjayi	14:00	Tuesday
04AUG26.pdf	ETX-260727-0574	8/4/2026 2:52:08 PM	17	OAjayi	14:00	Tuesday
04AUG26.pdf	ETX-260727-0446	8/4/2026 2:53:13 PM	65	OAjayi	14:00	Tuesday
04AUG26.pdf	ETX-260727-0030	8/4/2026 2:53:36 PM	23	OAjayi	14:00	Tuesday
04AUG26.pdf	ETX-260727-0184	8/4/2026 2:53:59 PM	23	OAjayi	14:00	Tuesday
04AUG26.pdf	ETX-260727-0464	8/4/2026 2:55:27 PM	88	OAjayi	14:00	Tuesday
04AUG26.pdf	ETX-260727-0194	8/4/2026 2:55:39 PM	12	OAjayi	14:00	Tuesday
04AUG26.pdf	ETX-260726-0020	8/4/2026 2:55:59 PM	20	OAjayi	14:00	Tuesday
04AUG26.pdf	ETX-260727-0024	8/4/2026 2:56:19 PM	20	OAjayi	14:00	Tuesday
04AUG26.pdf	ETX-260727-0483	8/4/2026 2:56:44 PM	25	OAjayi	14:00	Tuesday
04AUG26.pdf	ETX-260727-0458	8/4/2026 2:56:55 PM	11	OAjayi	14:00	Tuesday
04AUG26.pdf	ETX-260727-0543	8/4/2026 2:58:14 PM	79	OAjayi	14:00	Tuesday
04AUG26.pdf	ETX-260727-0535	8/4/2026 3:05:21 PM	427	OAjayi	15:00	Tuesday
04AUG26.pdf	ETX-260812-0261	8/14/2026 1:18:49 PM	857608	OAjayi	13:00	Friday
04SEP26.pdf	ETX-260826-0643	9/4/2026 4:21:18 PM	0	OAjayi	16:00	Friday
04SEP26.pdf	ETX-260827-0324	9/4/2026 4:22:39 PM	81	OAjayi	16:00	Friday
04SEP26.pdf	ETX-260826-0669	9/4/2026 4:23:19 PM	40	OAjayi	16:00	Friday
04SEP26.pdf	ETX-260826-0639	9/4/2026 4:24:41 PM	82	OAjayi	16:00	Friday
04SEP26.pdf	ETX-260826-0650	9/4/2026 4:27:40 PM	179	OAjayi	16:00	Friday
04SEP26.pdf	ETX-260826-0652	9/4/2026 4:28:05 PM	25	OAjayi	16:00	Friday
04SEP26.pdf	ETX-260826-0101	9/4/2026 4:28:37 PM	32	OAjayi	16:00	Friday
04SEP26.pdf	ETX-260826-0098	9/4/2026 4:29:02 PM	25	OAjayi	16:00	Friday
04SEP26.pdf	ETX-260826-0688	9/4/2026 4:29:37 PM	35	OAjayi	16:00	Friday
04SEP26.pdf	ETX-260826-0107	9/4/2026 4:30:09 PM	32	OAjayi	16:00	Friday
04SEP26.pdf	ETX-260826-0103	9/4/2026 4:30:44 PM	35	OAjayi	16:00	Friday
04SEP26.pdf	ETX-260826-0096	9/4/2026 4:31:11 PM	27	OAjayi	16:00	Friday
04SEP26.pdf	ETX-260825-0632	9/4/2026 4:31:35 PM	24	OAjayi	16:00	Friday
04SEP26.pdf	ETX-260825-0661	9/4/2026 4:31:57 PM	22	OAjayi	16:00	Friday
04SEP26.pdf	ETX-260825-0672	9/4/2026 4:32:18 PM	21	OAjayi	16:00	Friday
04SEP26.pdf	ETX-260826-0088	9/4/2026 4:32:34 PM	16	OAjayi	16:00	Friday
04SEP26.pdf	ETX-260825-0186	9/4/2026 4:34:02 PM	88	OAjayi	16:00	Friday
04SEP26.pdf	ETX-260826-0415	9/4/2026 4:34:32 PM	30	OAjayi	16:00	Friday
04SEP26.pdf	ETX-260826-0694	9/4/2026 4:34:48 PM	16	OAjayi	16:00	Friday
04SEP26.pdf	ETX-260826-0071	9/4/2026 4:35:11 PM	23	OAjayi	16:00	Friday
04SEP26.pdf	ETX-260827-0333	9/4/2026 4:36:46 PM	95	OAjayi	16:00	Friday
04SEP26.pdf	ETX-260827-0350	9/4/2026 4:37:33 PM	47	OAjayi	16:00	Friday
04SEP26.pdf	ETX-260826-0102	9/4/2026 4:38:37 PM	64	OAjayi	16:00	Friday
04SEP26.pdf	ETX-260827-0358	9/4/2026 4:39:23 PM	46	OAjayi	16:00	Friday
04SEP26.pdf	ETX-260827-0569	9/4/2026 4:40:32 PM	69	OAjayi	16:00	Friday
04SEP26.pdf	ETX-260827-0340	9/4/2026 4:41:16 PM	44	OAjayi	16:00	Friday
04SEP26.pdf	ETX-260827-0686	9/4/2026 4:41:52 PM	36	OAjayi	16:00	Friday
04SEP26.pdf	ETX-260827-0321	9/4/2026 4:42:11 PM	19	OAjayi	16:00	Friday
04SEP26.pdf	ETX-260827-0305	9/4/2026 4:57:41 PM	930	OAjayi	16:00	Friday
04SEP26.pdf	ETX-260827-0561	9/4/2026 4:58:06 PM	25	OAjayi	16:00	Friday
04SEP26.pdf	ETX-260827-0541	9/4/2026 5:06:52 PM	526	OAjayi	17:00	Friday
04SEP26.pdf	ETX-260825-0380	9/4/2026 5:29:40 PM	1368	OAjayi	17:00	Friday
04SEP26.pdf	ETX-260826-0689	9/4/2026 5:30:12 PM	32	OAjayi	17:00	Friday
04SEP26.pdf	ETX-260827-0684	9/4/2026 5:32:13 PM	121	OAjayi	17:00	Friday
04SEP26.pdf	ETX-260826-0371	9/4/2026 5:33:58 PM	105	OAjayi	17:00	Friday
04SEP26.pdf	ETX-260826-0374	9/4/2026 5:34:24 PM	26	OAjayi	17:00	Friday
04SEP26.pdf	ETX-260826-0485	9/4/2026 5:34:48 PM	24	OAjayi	17:00	Friday
04SEP26.pdf	ETX-260826-0685	9/4/2026 5:35:27 PM	39	OAjayi	17:00	Friday
04SEP26.pdf	ETX-260827-0530	9/4/2026 5:35:45 PM	18	OAjayi	17:00	Friday
05AUG26.pdf	ETX-260727-0671	8/5/2026 2:23:08 PM	0	OAjayi	14:00	Wednesday
05AUG26.pdf	ETX-260727-0430	8/5/2026 2:27:29 PM	261	OAjayi	14:00	Wednesday
05AUG26.pdf	ETX-260727-0500	8/5/2026 2:28:06 PM	37	OAjayi	14:00	Wednesday
05AUG26.pdf	ETX-260728-0690	8/5/2026 2:28:20 PM	14	OAjayi	14:00	Wednesday
05AUG26.pdf	ETX-260727-0533	8/5/2026 2:28:58 PM	38	OAjayi	14:00	Wednesday
05AUG26.pdf	ETX-260727-0497	8/5/2026 2:29:20 PM	22	OAjayi	14:00	Wednesday
05AUG26.pdf	ETX-260728-0044	8/5/2026 2:29:31 PM	11	OAjayi	14:00	Wednesday
05AUG26.pdf	ETX-260728-0045	8/5/2026 2:29:56 PM	25	OAjayi	14:00	Wednesday
05AUG26.pdf	ETX-260728-0036	8/5/2026 2:30:35 PM	39	OAjayi	14:00	Wednesday
05AUG26.pdf	ETX-260728-0040	8/5/2026 2:31:00 PM	25	OAjayi	14:00	Wednesday
05AUG26.pdf	ETX-260728-0034	8/5/2026 2:31:33 PM	33	OAjayi	14:00	Wednesday
05AUG26.pdf	ETX-260728-0668	8/5/2026 2:31:55 PM	22	OAjayi	14:00	Wednesday
05AUG26.pdf	ETX-260727-0438	8/5/2026 2:36:53 PM	298	OAjayi	14:00	Wednesday
05AUG26.pdf	ETX-260728-0679	8/5/2026 2:37:11 PM	18	OAjayi	14:00	Wednesday
05AUG26.pdf	ETX-260727-0523	8/5/2026 2:38:44 PM	93	OAjayi	14:00	Wednesday
05AUG26.pdf	ETX-260727-0410	8/5/2026 2:38:56 PM	12	OAjayi	14:00	Wednesday
05AUG26.pdf	ETX-260728-0043	8/5/2026 2:39:11 PM	15	OAjayi	14:00	Wednesday
05AUG26.pdf	ETX-260728-0675	8/5/2026 2:39:25 PM	14	OAjayi	14:00	Wednesday
05AUG26.pdf	ETX-260728-0689	8/5/2026 2:39:38 PM	13	OAjayi	14:00	Wednesday
05AUG26.pdf	ETX-260727-0219	8/5/2026 2:40:20 PM	42	OAjayi	14:00	Wednesday
05AUG26.pdf	ETX-260727-0595	8/5/2026 2:44:11 PM	231	OAjayi	14:00	Wednesday
05AUG26.pdf	ETX-260728-0638	8/5/2026 2:46:01 PM	110	OAjayi	14:00	Wednesday
05AUG26.pdf	ETX-260728-0031	8/5/2026 2:46:14 PM	13	OAjayi	14:00	Wednesday
05AUG26.pdf	ETX-260728-0703	8/5/2026 2:47:12 PM	58	OAjayi	14:00	Wednesday
05AUG26.pdf	ETX-260724-0316	8/5/2026 2:48:07 PM	55	OAjayi	14:00	Wednesday
05AUG26.pdf	ETX-260727-0143	8/5/2026 2:48:29 PM	22	OAjayi	14:00	Wednesday
05AUG26.pdf	ETX-260727-0505	8/5/2026 2:49:26 PM	57	OAjayi	14:00	Wednesday
05AUG26.pdf	ETX-260728-0047	8/5/2026 2:51:19 PM	113	OAjayi	14:00	Wednesday
05AUG26.pdf	ETX-260728-0029	8/5/2026 2:51:47 PM	28	OAjayi	14:00	Wednesday
05AUG26.pdf	ETX-260728-0042	8/5/2026 2:51:59 PM	12	OAjayi	14:00	Wednesday
05AUG26.pdf	ETX-260727-0230	8/5/2026 2:53:07 PM	68	OAjayi	14:00	Wednesday
05AUG26.pdf	ETX-260727-0400	8/5/2026 2:53:25 PM	18	OAjayi	14:00	Wednesday
06Aug26.pdf	ETX-260728-0947	8/6/2026 3:28:00 PM	0	OAjayi	15:00	Thursday
06Aug26.pdf	ETX-260727-0276	8/6/2026 3:29:25 PM	85	OAjayi	15:00	Thursday
06Aug26.pdf	ETX-260727-0617	8/6/2026 3:29:50 PM	25	OAjayi	15:00	Thursday
06Aug26.pdf	ETX-260729-0378	8/6/2026 3:31:13 PM	83	OAjayi	15:00	Thursday
06Aug26.pdf	ETX-260729-0488	8/6/2026 3:31:52 PM	39	OAjayi	15:00	Thursday
06Aug26.pdf	ETX-260729-0384	8/6/2026 3:34:12 PM	140	OAjayi	15:00	Thursday
06Aug26.pdf	ETX-260729-0487	8/6/2026 3:34:40 PM	28	OAjayi	15:00	Thursday
06Aug26.pdf	ETX-260728-0888	8/6/2026 3:35:13 PM	33	OAjayi	15:00	Thursday
06Aug26.pdf	ETX-260728-0882	8/6/2026 3:35:36 PM	23	OAjayi	15:00	Thursday
06Aug26.pdf	ETX-260727-0384	8/6/2026 3:37:39 PM	123	OAjayi	15:00	Thursday
06Aug26.pdf	ETX-260728-0417	8/6/2026 3:38:06 PM	27	OAjayi	15:00	Thursday
06Aug26.pdf	ETX-260728-0102	8/6/2026 3:38:47 PM	41	OAjayi	15:00	Thursday
06Aug26.pdf	ETX-260728-0876	8/6/2026 3:40:49 PM	122	OAjayi	15:00	Thursday
06Aug26.pdf	ETX-260728-0627	8/6/2026 3:41:10 PM	21	OAjayi	15:00	Thursday
06Aug26.pdf	ETX-260728-0576	8/6/2026 3:42:12 PM	62	OAjayi	15:00	Thursday
06Aug26.pdf	ETX-260728-0569	8/6/2026 3:42:51 PM	39	OAjayi	15:00	Thursday
06Aug26.pdf	ETX-260727-0411	8/6/2026 3:43:27 PM	36	OAjayi	15:00	Thursday
06Aug26.pdf	ETX-260727-0408	8/6/2026 3:43:55 PM	28	OAjayi	15:00	Thursday
06Aug26.pdf	ETX-260727-0405	8/6/2026 3:44:14 PM	19	OAjayi	15:00	Thursday
06Aug26.pdf	ETX-260727-0402	8/6/2026 3:44:42 PM	28	OAjayi	15:00	Thursday
06Aug26.pdf	ETX-260727-0397	8/6/2026 3:45:04 PM	22	OAjayi	15:00	Thursday
06Aug26.pdf	ETX-260727-0396	8/6/2026 3:45:22 PM	18	OAjayi	15:00	Thursday
06Aug26.pdf	ETX-260727-0395	8/6/2026 3:45:50 PM	28	OAjayi	15:00	Thursday
06Aug26.pdf	ETX-260727-0374	8/6/2026 3:46:15 PM	25	OAjayi	15:00	Thursday
06Aug26.pdf	ETX-260727-0348	8/6/2026 3:46:57 PM	42	OAjayi	15:00	Thursday
06Aug26.pdf	ETX-260727-0327	8/6/2026 3:47:26 PM	29	OAjayi	15:00	Thursday
06Aug26.pdf	ETX-260727-0324	8/6/2026 3:48:22 PM	56	OAjayi	15:00	Thursday
06Aug26.pdf	ETX-260728-0842	8/6/2026 3:50:58 PM	156	OAjayi	15:00	Thursday
06Aug26.pdf	ETX-260728-0868	8/6/2026 3:51:32 PM	34	OAjayi	15:00	Thursday
06Aug26.pdf	ETX-260728-0528	8/6/2026 3:55:57 PM	265	OAjayi	15:00	Thursday
06Aug26.pdf	ETX-260728-0514	8/6/2026 4:06:22 PM	625	OAjayi	16:00	Thursday
06Aug26.pdf	ETX-260728-0666	8/6/2026 4:07:50 PM	88	OAjayi	16:00	Thursday
06Aug26.pdf	ETX-260728-0334	8/6/2026 4:09:00 PM	70	OAjayi	16:00	Thursday
06Aug26.pdf	ETX-260528-0360	8/6/2026 4:10:03 PM	63	OAjayi	16:00	Thursday
06Aug26.pdf	ETX-260727-0581	8/6/2026 4:11:59 PM	116	OAjayi	16:00	Thursday
06Aug26.pdf	ETX-260728-0341	8/6/2026 4:14:15 PM	136	OAjayi	16:00	Thursday
06Aug26.pdf	ETX-260727-0616	8/6/2026 4:18:02 PM	227	OAjayi	16:00	Thursday
07Aug26.pdf	ETX-260728-0473	8/1/2026 4:04:38 PM	0	OAjayi	16:00	Saturday
07Aug26.pdf	ETX-260729-0086	8/7/2026 4:08:47 PM	518649	OAjayi	16:00	Friday
07Aug26.pdf	ETX-260728-0887	8/7/2026 4:24:40 PM	953	OAjayi	16:00	Friday
07Aug26.pdf	ETX-260729-0525	8/7/2026 4:26:36 PM	116	OAjayi	16:00	Friday
07Aug26.pdf	ETX-260729-0302	8/7/2026 4:29:27 PM	171	OAjayi	16:00	Friday
07Aug26.pdf	ETX-260729-0530	8/7/2026 4:30:04 PM	37	OAjayi	16:00	Friday
07Aug26.pdf	ETX-260506-0309	8/7/2026 4:30:46 PM	42	OAjayi	16:00	Friday
07Aug26.pdf	ETX-260729-0320	8/7/2026 4:31:46 PM	60	OAjayi	16:00	Friday
07Aug26.pdf	ETX-260729-0470	8/7/2026 4:32:20 PM	34	OAjayi	16:00	Friday
07Aug26.pdf	ETX-260729-0497	8/7/2026 4:32:44 PM	24	OAjayi	16:00	Friday
07Aug26.pdf	ETX-260729-0464	8/7/2026 4:33:54 PM	70	OAjayi	16:00	Friday
07Aug26.pdf	ETX-260728-0385	8/7/2026 4:34:36 PM	42	OAjayi	16:00	Friday
07Aug26.pdf	ETX-260727-0631	8/7/2026 4:35:33 PM	57	OAjayi	16:00	Friday
07Aug26.pdf	ETX-260727-0545	8/7/2026 4:36:12 PM	39	OAjayi	16:00	Friday
07Aug26.pdf	ETX-260729-0463	8/7/2026 4:37:04 PM	52	OAjayi	16:00	Friday
07Aug26.pdf	ETX-260729-0458	8/7/2026 4:37:42 PM	38	OAjayi	16:00	Friday
07Aug26.pdf	ETX-260729-0565	8/7/2026 4:41:25 PM	223	OAjayi	16:00	Friday
07Aug26.pdf	ETX-260730-0338	8/7/2026 4:42:44 PM	79	OAjayi	16:00	Friday
07Aug26.pdf	ETX-260729-0467	8/7/2026 4:43:02 PM	18	OAjayi	16:00	Friday
07Aug26.pdf	ETX-260729-0676	8/7/2026 4:43:58 PM	56	OAjayi	16:00	Friday
07Aug26.pdf	ETX-260728-0303	8/7/2026 4:44:22 PM	24	OAjayi	16:00	Friday
07Aug26.pdf	ETX-260728-0327	8/7/2026 4:44:43 PM	21	OAjayi	16:00	Friday
07Aug26.pdf	ETX-260729-0558	8/7/2026 4:45:06 PM	23	OAjayi	16:00	Friday
07Aug26.pdf	ETX-260729-0765	8/7/2026 4:45:30 PM	24	OAjayi	16:00	Friday
07Aug26.pdf	ETX-260729-0078	8/7/2026 4:45:53 PM	23	OAjayi	16:00	Friday
07Aug26.pdf	ETX-260729-0097	8/7/2026 4:46:48 PM	55	OAjayi	16:00	Friday
07Aug26.pdf	ETX-260730-0220	8/7/2026 4:47:50 PM	62	OAjayi	16:00	Friday
07Aug26.pdf	ETX-260729-0133	8/7/2026 4:48:09 PM	19	OAjayi	16:00	Friday
07Aug26.pdf	ETX-260729-0080	8/7/2026 4:48:34 PM	25	OAjayi	16:00	Friday
07Aug26.pdf	ETX-260729-0492	8/7/2026 4:50:13 PM	99	OAjayi	16:00	Friday
07Aug26.pdf	ETX-260729-0396	8/7/2026 4:51:10 PM	57	OAjayi	16:00	Friday
07Aug26.pdf	ETX-260728-0173	8/7/2026 4:51:29 PM	19	OAjayi	16:00	Friday
07Aug26.pdf	ETX-260729-0469	8/7/2026 4:52:23 PM	54	OAjayi	16:00	Friday
07Aug26.pdf	ETX-260728-0144	8/7/2026 4:52:47 PM	24	OAjayi	16:00	Friday
07Aug26.pdf	ETX-260729-0250	8/7/2026 4:53:23 PM	36	OAjayi	16:00	Friday
07Aug26.pdf	ETX-260728-0452	8/7/2026 4:54:53 PM	90	OAjayi	16:00	Friday
07Aug26.pdf	ETX-260729-0533	8/7/2026 4:55:23 PM	30	OAjayi	16:00	Friday
07Aug26.pdf	ETX-260729-0306	8/7/2026 4:56:06 PM	43	OAjayi	16:00	Friday
07Aug26.pdf	ETX-260728-0338	8/7/2026 4:56:38 PM	32	OAjayi	16:00	Friday
07Aug26.pdf	ETX-260729-0300	8/7/2026 4:57:03 PM	25	OAjayi	16:00	Friday
07Aug26.pdf	ETX-260513-0336	8/7/2026 4:57:36 PM	33	OAjayi	16:00	Friday
07Aug26.pdf	ETX-260518-0329	8/7/2026 4:58:10 PM	34	OAjayi	16:00	Friday
07Aug26.pdf	ETX-260728-0674	8/7/2026 4:59:42 PM	92	OAjayi	16:00	Friday
07Aug26.pdf	ETX-260729-0065	8/7/2026 5:01:44 PM	122	OAjayi	17:00	Friday
07Aug26.pdf	ETX-260729-0070	8/7/2026 5:01:59 PM	15	OAjayi	17:00	Friday
07Aug26.pdf	ETX-260729-0073	8/7/2026 5:02:16 PM	17	OAjayi	17:00	Friday
07Aug26.pdf	ETX-260729-0075	8/7/2026 5:02:46 PM	30	OAjayi	17:00	Friday
07Aug26.pdf	ETX-260729-0077	8/7/2026 5:04:01 PM	75	OAjayi	17:00	Friday
07Aug26.pdf	ETX-260729-0083	8/7/2026 5:04:26 PM	25	OAjayi	17:00	Friday
07Aug26.pdf	ETX-260729-0087	8/7/2026 5:05:12 PM	46	OAjayi	17:00	Friday
07Aug26.pdf	ETX-260729-0088	8/7/2026 5:06:25 PM	73	OAjayi	17:00	Friday
07Aug26.pdf	ETX-260729-0089	8/7/2026 5:07:14 PM	49	OAjayi	17:00	Friday
07Aug26.pdf	ETX-260729-0091	8/7/2026 5:07:53 PM	39	OAjayi	17:00	Friday
07Aug26.pdf	ETX-260729-0094	8/7/2026 5:08:23 PM	30	OAjayi	17:00	Friday
07Aug26.pdf	ETX-260729-0098	8/7/2026 5:09:06 PM	43	OAjayi	17:00	Friday
07Aug26.pdf	ETX-260729-0465	8/7/2026 5:11:34 PM	148	OAjayi	17:00	Friday
07Aug26.pdf	ETX-260729-0379	8/7/2026 5:11:51 PM	17	OAjayi	17:00	Friday
11AUG26.pdf	ETX-260805-0392	8/11/2026 3:14:04 PM	0	OAjayi	15:00	Tuesday
11AUG26.pdf	ETX-260730-0764	8/11/2026 3:22:26 PM	502	OAjayi	15:00	Tuesday
11AUG26.pdf	ETX-260730-0720	8/11/2026 3:24:04 PM	98	OAjayi	15:00	Tuesday
11AUG26.pdf	ETX-260731-0137	8/11/2026 3:26:12 PM	128	OAjayi	15:00	Tuesday
11AUG26.pdf	ETX-260731-0162	8/11/2026 3:27:26 PM	74	OAjayi	15:00	Tuesday
11AUG26.pdf	ETX-260731-0157	8/11/2026 3:28:21 PM	55	OAjayi	15:00	Tuesday
11AUG26.pdf	ETX-260731-0151	8/11/2026 3:28:45 PM	24	OAjayi	15:00	Tuesday
11AUG26.pdf	ETX-260731-0125	8/11/2026 3:30:09 PM	84	OAjayi	15:00	Tuesday
11AUG26.pdf	ETX-260731-0118	8/11/2026 3:33:44 PM	215	OAjayi	15:00	Tuesday
11AUG26.pdf	ETX-260731-0133	8/11/2026 3:36:19 PM	155	OAjayi	15:00	Tuesday
11AUG26.pdf	ETX-260731-0134	8/11/2026 3:37:30 PM	71	OAjayi	15:00	Tuesday
11AUG26.pdf	ETX-260731-0122	8/11/2026 3:39:38 PM	128	OAjayi	15:00	Tuesday
11AUG26.pdf	ETX-260731-0142	8/11/2026 3:42:25 PM	167	OAjayi	15:00	Tuesday
11AUG26.pdf	ETX-260731-0126	8/11/2026 3:44:02 PM	97	OAjayi	15:00	Tuesday
11AUG26.pdf	ETX-260731-0035	8/11/2026 3:44:51 PM	49	OAjayi	15:00	Tuesday
11AUG26.pdf	ETX-260731-0154	8/11/2026 3:45:48 PM	57	OAjayi	15:00	Tuesday
11AUG26.pdf	ETX-260731-0082	8/11/2026 3:46:46 PM	58	OAjayi	15:00	Tuesday
11AUG26.pdf	ETX-260731-0103	8/11/2026 3:48:21 PM	95	OAjayi	15:00	Tuesday
11AUG26.pdf	ETX-260731-0111	8/11/2026 3:49:43 PM	82	OAjayi	15:00	Tuesday
11AUG26.pdf	ETX-260731-0097	8/11/2026 3:50:57 PM	74	OAjayi	15:00	Tuesday
11AUG26.pdf	ETX-260731-0130	8/11/2026 3:51:42 PM	45	OAjayi	15:00	Tuesday
11AUG26.pdf	ETX-260731-0096	8/11/2026 3:52:48 PM	66	OAjayi	15:00	Tuesday
11AUG26.pdf	ETX-260728-0770	8/11/2026 3:54:12 PM	84	OAjayi	15:00	Tuesday
11AUG26.pdf	ETX-260730-0607	8/11/2026 3:55:37 PM	85	OAjayi	15:00	Tuesday
11AUG26.pdf	ETX-260803-0670	8/11/2026 4:05:43 PM	606	OAjayi	16:00	Tuesday
11AUG26.pdf	ETX-260723-0611	8/11/2026 4:16:33 PM	650	OAjayi	16:00	Tuesday
11AUG26.pdf	ETX-260731-0401	8/11/2026 4:20:01 PM	208	OAjayi	16:00	Tuesday
11AUG26.pdf	ETX-260729-0716	8/11/2026 4:23:14 PM	193	OAjayi	16:00	Tuesday
11AUG26.pdf	ETX-260731-0272	8/11/2026 4:25:16 PM	122	OAjayi	16:00	Tuesday
11AUG26.pdf	ETX-260730-0364	8/11/2026 4:35:53 PM	637	OAjayi	16:00	Tuesday
11AUG26.pdf	ETX-260728-0430	8/11/2026 4:36:40 PM	47	OAjayi	16:00	Tuesday
11AUG26.pdf	ETX-260803-0775	8/11/2026 4:38:09 PM	89	OAjayi	16:00	Tuesday
11AUG26.pdf	ETX-260731-0415	8/11/2026 4:38:41 PM	32	OAjayi	16:00	Tuesday
11AUG26.pdf	ETX-260731-0284	8/11/2026 4:40:10 PM	89	OAjayi	16:00	Tuesday
11AUG26.pdf	ETX-260730-0288	8/11/2026 4:40:41 PM	31	OAjayi	16:00	Tuesday
11AUG26.pdf	ETX-260731-0410	8/11/2026 4:43:22 PM	161	OAjayi	16:00	Tuesday
11AUG26.pdf	ETX-260730-0615	8/11/2026 4:50:58 PM	456	OAjayi	16:00	Tuesday
11AUG26.pdf	ETX-260730-0599	8/11/2026 4:53:17 PM	139	OAjayi	16:00	Tuesday
11AUG26.pdf	ETX-260730-0266	8/11/2026 4:55:26 PM	129	OAjayi	16:00	Tuesday
11AUG26.pdf	ETX-260730-0281	8/11/2026 4:55:57 PM	31	OAjayi	16:00	Tuesday
11AUG26.pdf	ETX-260731-0131	8/11/2026 4:58:53 PM	176	OAjayi	16:00	Tuesday
11AUG26.pdf	ETX-260731-0150	8/11/2026 4:59:38 PM	45	OAjayi	16:00	Tuesday
11AUG26.pdf	ETX-260731-0090	8/11/2026 5:00:42 PM	64	OAjayi	17:00	Tuesday
11AUG26.pdf	ETX-260730-0276	8/11/2026 5:03:02 PM	140	OAjayi	17:00	Tuesday
11AUG26.pdf	ETX-260731-0055	8/11/2026 5:04:50 PM	108	OAjayi	17:00	Tuesday
11AUG26.pdf	ETX-260802-0058	8/11/2026 5:18:04 PM	794	OAjayi	17:00	Tuesday
11AUG26.pdf	ETX-260731-0335	8/11/2026 5:18:41 PM	37	OAjayi	17:00	Tuesday
11AUG26.pdf	ETX-260731-0146	8/11/2026 5:22:46 PM	245	OAjayi	17:00	Tuesday
11AUG26.pdf	ETX-260731-0139	8/11/2026 5:23:04 PM	18	OAjayi	17:00	Tuesday
11AUG26.pdf	ETX-260731-0155	8/11/2026 5:24:20 PM	76	OAjayi	17:00	Tuesday
12AUG26.pdf	ETX-260803-0005	8/12/2026 3:26:01 PM	0	OAjayi	15:00	Wednesday
12AUG26.pdf	ETX-260803-0007	8/12/2026 3:27:41 PM	100	OAjayi	15:00	Wednesday
12AUG26.pdf	ETX-260803-0018	8/12/2026 3:28:08 PM	27	OAjayi	15:00	Wednesday
12AUG26.pdf	ETX-260803-0050	8/12/2026 3:32:15 PM	247	OAjayi	15:00	Wednesday
12AUG26.pdf	ETX-260803-0010	8/12/2026 3:32:34 PM	19	OAjayi	15:00	Wednesday
12AUG26.pdf	ETX-260803-0077	8/12/2026 3:33:17 PM	43	OAjayi	15:00	Wednesday
12AUG26.pdf	ETX-260803-0078	8/12/2026 3:33:51 PM	34	OAjayi	15:00	Wednesday
12AUG26.pdf	ETX-260803-0013	8/12/2026 3:34:32 PM	41	OAjayi	15:00	Wednesday
12AUG26.pdf	ETX-260803-0070	8/12/2026 3:34:58 PM	26	OAjayi	15:00	Wednesday
12AUG26.pdf	ETX-260803-0079	8/12/2026 3:35:35 PM	37	OAjayi	15:00	Wednesday
12AUG26.pdf	ETX-260803-0015	8/12/2026 3:36:00 PM	25	OAjayi	15:00	Wednesday
12AUG26.pdf	ETX-260803-0048	8/12/2026 3:36:51 PM	51	OAjayi	15:00	Wednesday
12AUG26.pdf	ETX-260803-0002	8/12/2026 3:40:52 PM	241	OAjayi	15:00	Wednesday
12AUG26.pdf	ETX-260803-0073	8/12/2026 3:41:37 PM	45	OAjayi	15:00	Wednesday
12AUG26.pdf	ETX-260803-0071	8/12/2026 3:42:28 PM	51	OAjayi	15:00	Wednesday
12AUG26.pdf	ETX-260803-0003	8/12/2026 3:43:04 PM	36	OAjayi	15:00	Wednesday
12AUG26.pdf	ETX-260803-0006	8/12/2026 3:43:28 PM	24	OAjayi	15:00	Wednesday
12AUG26.pdf	ETX-260803-0029	8/12/2026 3:44:07 PM	39	OAjayi	15:00	Wednesday
12AUG26.pdf	ETX-260803-0025	8/12/2026 3:44:27 PM	20	OAjayi	15:00	Wednesday
12AUG26.pdf	ETX-260803-0068	8/12/2026 3:44:48 PM	21	OAjayi	15:00	Wednesday
12AUG26.pdf	ETX-260803-0024	8/12/2026 3:45:43 PM	55	OAjayi	15:00	Wednesday
12AUG26.pdf	ETX-260803-0028	8/12/2026 3:46:22 PM	39	OAjayi	15:00	Wednesday
12AUG26.pdf	ETX-260803-0019	8/12/2026 3:47:21 PM	59	OAjayi	15:00	Wednesday
12AUG26.pdf	ETX-260803-0023	8/12/2026 3:47:55 PM	34	OAjayi	15:00	Wednesday
12AUG26.pdf	ETX-260803-0063	8/12/2026 3:48:22 PM	27	OAjayi	15:00	Wednesday
12AUG26.pdf	ETX-260803-0004	8/12/2026 3:49:01 PM	39	OAjayi	15:00	Wednesday
12AUG26.pdf	ETX-260803-0074	8/12/2026 3:49:34 PM	33	OAjayi	15:00	Wednesday
12AUG26.pdf	ETX-260803-0065	8/12/2026 3:50:12 PM	38	OAjayi	15:00	Wednesday
12AUG26.pdf	ETX-260803-0067	8/12/2026 3:50:41 PM	29	OAjayi	15:00	Wednesday
12AUG26.pdf	ETX-260803-0038	8/12/2026 3:51:24 PM	43	OAjayi	15:00	Wednesday
12AUG26.pdf	ETX-260803-0062	8/12/2026 3:52:33 PM	69	OAjayi	15:00	Wednesday
12AUG26.pdf	ETX-260804-0125	8/12/2026 3:54:35 PM	122	OAjayi	15:00	Wednesday
12AUG26.pdf	ETX-260803-0372	8/12/2026 3:55:28 PM	53	OAjayi	15:00	Wednesday
12AUG26.pdf	ETX-260803-0544	8/12/2026 3:57:05 PM	97	OAjayi	15:00	Wednesday
12AUG26.pdf	ETX-260803-0290	8/12/2026 3:58:14 PM	69	OAjayi	15:00	Wednesday
12AUG26.pdf	ETX-260803-0740	8/12/2026 3:59:15 PM	61	OAjayi	15:00	Wednesday
12AUG26.pdf	ETX-260804-0049	8/12/2026 3:59:49 PM	34	OAjayi	15:00	Wednesday
12AUG26.pdf	ETX-260803-0017	8/12/2026 4:00:42 PM	53	OAjayi	16:00	Wednesday
12AUG26.pdf	ETX-260803-0030	8/12/2026 4:01:53 PM	71	OAjayi	16:00	Wednesday
12AUG26.pdf	ETX-260803-0058	8/12/2026 4:02:09 PM	16	OAjayi	16:00	Wednesday
12AUG26.pdf	ETX-260803-0052	8/12/2026 4:02:42 PM	33	OAjayi	16:00	Wednesday
12AUG26.pdf	ETX-260803-0044	8/12/2026 4:03:09 PM	27	OAjayi	16:00	Wednesday
12AUG26.pdf	ETX-260803-0011	8/12/2026 4:03:29 PM	20	OAjayi	16:00	Wednesday
12AUG26.pdf	ETX-260804-0464	8/12/2026 4:10:12 PM	403	OAjayi	16:00	Wednesday
12AUG26.pdf	ETX-260804-0446	8/12/2026 4:10:56 PM	44	OAjayi	16:00	Wednesday
12AUG26.pdf	ETX-260803-0654	8/12/2026 4:11:37 PM	41	OAjayi	16:00	Wednesday
12AUG26.pdf	ETX-260803-0401	8/12/2026 4:12:17 PM	40	OAjayi	16:00	Wednesday
12AUG26.pdf	ETX-260804-0646	8/12/2026 4:13:17 PM	60	OAjayi	16:00	Wednesday
12AUG26.pdf	ETX-260804-0635	8/12/2026 4:14:01 PM	44	OAjayi	16:00	Wednesday
12AUG26.pdf	ETX-260804-0650	8/12/2026 4:15:20 PM	79	OAjayi	16:00	Wednesday
12AUG26.pdf	ETX-260803-0042	8/12/2026 4:17:03 PM	103	OAjayi	16:00	Wednesday
12AUG26.pdf	ETX-260803-0016	8/12/2026 4:18:15 PM	72	OAjayi	16:00	Wednesday
12AUG26.pdf	ETX-260803-0076	8/12/2026 4:20:07 PM	112	OAjayi	16:00	Wednesday
12AUG26.pdf	ETX-260803-0020	8/12/2026 4:56:38 PM	2191	OAjayi	16:00	Wednesday
12AUG26.pdf	ETX-260803-0045	8/12/2026 4:58:37 PM	119	OAjayi	16:00	Wednesday
12AUG26.pdf	ETX-260803-0033	8/12/2026 4:59:36 PM	59	OAjayi	16:00	Wednesday
12AUG26.pdf	ETX-260803-0039	8/12/2026 5:00:22 PM	46	OAjayi	17:00	Wednesday
12AUG26.pdf	ETX-260803-0057	8/12/2026 5:01:25 PM	63	OAjayi	17:00	Wednesday
12AUG26.pdf	ETX-260803-0026	8/12/2026 5:02:03 PM	38	OAjayi	17:00	Wednesday
12AUG26.pdf	ETX-260803-0047	8/12/2026 5:03:47 PM	104	OAjayi	17:00	Wednesday
12AUG26.pdf	ETX-260803-0051	8/12/2026 5:09:52 PM	365	OAjayi	17:00	Wednesday
12AUG26.pdf	ETX-260803-0053	8/12/2026 5:10:11 PM	19	OAjayi	17:00	Wednesday
12AUG26.pdf	ETX-260803-0022	8/12/2026 5:10:44 PM	33	OAjayi	17:00	Wednesday
12AUG26.pdf	ETX-260803-0034	8/12/2026 5:11:20 PM	36	OAjayi	17:00	Wednesday
12AUG26.pdf	ETX-260803-0616	8/12/2026 5:12:47 PM	87	OAjayi	17:00	Wednesday
12AUG26.pdf	ETX-260803-0147	8/12/2026 5:22:52 PM	605	OAjayi	17:00	Wednesday
12AUG26.pdf	ETX-260803-0205	8/12/2026 5:23:08 PM	16	OAjayi	17:00	Wednesday
12AUG26.pdf	ETX-260803-0389	8/12/2026 5:23:32 PM	24	OAjayi	17:00	Wednesday
12AUG26.pdf	ETX-260803-0777	8/12/2026 5:23:49 PM	17	OAjayi	17:00	Wednesday
12AUG26.pdf	ETX-260803-0778	8/12/2026 6:13:42 PM	2993	OAjayi	18:00	Wednesday
12AUG26.pdf	ETX-260803-0678	8/12/2026 6:16:30 PM	168	OAjayi	18:00	Wednesday
12AUG26.pdf	ETX-260803-0361	8/12/2026 6:17:45 PM	75	OAjayi	18:00	Wednesday
12AUG26.pdf	ETX-260803-0355	8/12/2026 6:18:40 PM	55	OAjayi	18:00	Wednesday
12AUG26.pdf	ETX-260803-0311	8/12/2026 6:19:09 PM	29	OAjayi	18:00	Wednesday
12AUG26.pdf	ETX-260804-0547	8/12/2026 6:19:51 PM	42	OAjayi	18:00	Wednesday
12AUG26.pdf	ETX-260803-0234	8/12/2026 6:24:47 PM	296	OAjayi	18:00	Wednesday
12AUG26.pdf	ETX-260803-0314	8/12/2026 6:25:18 PM	31	OAjayi	18:00	Wednesday
12AUG26.pdf	ETX-260731-0537	8/12/2026 6:25:40 PM	22	OAjayi	18:00	Wednesday
12AUG26.pdf	ETX-260803-0545	8/12/2026 6:27:05 PM	85	OAjayi	18:00	Wednesday
12AUG26.pdf	ETX-260803-0569	8/12/2026 6:28:21 PM	76	OAjayi	18:00	Wednesday
12AUG26.pdf	ETX-260803-0686	8/12/2026 6:29:22 PM	61	OAjayi	18:00	Wednesday
12AUG26.pdf	ETX-260803-0731	8/12/2026 6:30:20 PM	58	OAjayi	18:00	Wednesday
12AUG26.pdf	ETX-260803-0746	8/12/2026 6:31:03 PM	43	OAjayi	18:00	Wednesday
12AUG26.pdf	ETX-260804-0286	8/12/2026 6:32:39 PM	96	OAjayi	18:00	Wednesday
12AUG26.pdf	ETX-260731-0315	8/12/2026 6:34:12 PM	93	OAjayi	18:00	Wednesday
12AUG26.pdf	ETX-260803-0683	8/12/2026 6:35:47 PM	95	OAjayi	18:00	Wednesday
12AUG26.pdf	ETX-260803-0736	8/12/2026 6:36:21 PM	34	OAjayi	18:00	Wednesday
12AUG26.pdf	ETX-260803-0409	8/12/2026 6:37:37 PM	76	OAjayi	18:00	Wednesday
12AUG26.pdf	ETX-260803-0424	8/12/2026 6:38:03 PM	26	OAjayi	18:00	Wednesday
12AUG26.pdf	ETX-260803-0316	8/12/2026 6:38:19 PM	16	OAjayi	18:00	Wednesday
12AUG26.pdf	ETX-260803-0468	8/12/2026 6:38:53 PM	34	OAjayi	18:00	Wednesday
12AUG26.pdf	ETX-260803-0304	8/12/2026 6:40:42 PM	109	OAjayi	18:00	Wednesday
12AUG26.pdf	ETX-260803-0340	8/12/2026 6:42:52 PM	130	OAjayi	18:00	Wednesday
12AUG26.pdf	ETX-260731-0085	8/12/2026 6:45:04 PM	132	OAjayi	18:00	Wednesday
12AUG26.pdf	ETX-260803-0687	8/12/2026 6:45:29 PM	25	OAjayi	18:00	Wednesday
13AUG26 updated - QYC.pdf	ETX-260804-0200	8/6/2026 7:01:05 PM	0	OAjayi	19:00	Thursday
13AUG26.pdf	ETX-260805-0807	8/13/2026 4:34:45 PM	0	OAjayi	16:00	Thursday
13AUG26.pdf	ETX-260805-0480	8/13/2026 4:35:20 PM	35	OAjayi	16:00	Thursday
13AUG26.pdf	ETX-260805-0641	8/13/2026 4:36:45 PM	85	OAjayi	16:00	Thursday
13AUG26.pdf	ETX-260803-0741	8/13/2026 4:37:09 PM	24	OAjayi	16:00	Thursday
13AUG26.pdf	ETX-260803-0196	8/13/2026 4:37:27 PM	18	OAjayi	16:00	Thursday
13AUG26.pdf	ETX-260805-0288	8/13/2026 4:39:09 PM	102	OAjayi	16:00	Thursday
13AUG26.pdf	ETX-260803-0462	8/13/2026 4:40:36 PM	87	OAjayi	16:00	Thursday
13AUG26.pdf	ETX-260804-0764	8/13/2026 4:41:20 PM	44	OAjayi	16:00	Thursday
13AUG26.pdf	ETX-260804-0015	8/13/2026 4:45:44 PM	264	OAjayi	16:00	Thursday
13AUG26.pdf	ETX-260804-0020	8/13/2026 4:46:17 PM	33	OAjayi	16:00	Thursday
13AUG26.pdf	ETX-260804-0018	8/13/2026 4:46:47 PM	30	OAjayi	16:00	Thursday
13AUG26.pdf	ETX-260804-0014	8/13/2026 4:47:30 PM	43	OAjayi	16:00	Thursday
13AUG26.pdf	ETX-260804-0019	8/13/2026 4:48:13 PM	43	OAjayi	16:00	Thursday
13AUG26.pdf	ETX-260804-0016	8/13/2026 4:48:42 PM	29	OAjayi	16:00	Thursday
13AUG26.pdf	ETX-260804-0401	8/13/2026 4:50:30 PM	108	OAjayi	16:00	Thursday
13AUG26.pdf	ETX-260804-0700	8/13/2026 4:50:55 PM	25	OAjayi	16:00	Thursday
13AUG26.pdf	ETX-260804-0574	8/13/2026 4:51:17 PM	22	OAjayi	16:00	Thursday
13AUG26.pdf	ETX-260803-0774	8/13/2026 4:51:38 PM	21	OAjayi	16:00	Thursday
13AUG26.pdf	ETX-260804-0287	8/13/2026 4:52:07 PM	29	OAjayi	16:00	Thursday
13AUG26.pdf	ETX-260804-0669	8/13/2026 4:52:42 PM	35	OAjayi	16:00	Thursday
13AUG26.pdf	ETX-260804-0371	8/13/2026 4:53:07 PM	25	OAjayi	16:00	Thursday
13AUG26.pdf	ETX-260804-0328	8/13/2026 4:53:34 PM	27	OAjayi	16:00	Thursday
13AUG26.pdf	ETX-260803-0745	8/13/2026 4:55:23 PM	109	OAjayi	16:00	Thursday
13AUG26.pdf	ETX-260804-0642	8/13/2026 4:55:49 PM	26	OAjayi	16:00	Thursday
13AUG26.pdf	ETX-260803-0426	8/13/2026 4:56:24 PM	35	OAjayi	16:00	Thursday
13AUG26.pdf	ETX-260805-0014	8/13/2026 4:56:49 PM	25	OAjayi	16:00	Thursday
13AUG26.pdf	ETX-260804-0761	8/13/2026 4:57:24 PM	35	OAjayi	16:00	Thursday
13AUG26.pdf	ETX-260805-0717	8/13/2026 5:06:48 PM	564	OAjayi	17:00	Thursday
13AUG26.pdf	ETX-260804-0296	8/13/2026 5:12:06 PM	318	OAjayi	17:00	Thursday
13AUG26.pdf	ETX-260804-0506	8/13/2026 5:17:06 PM	300	OAjayi	17:00	Thursday
14AUG26.pdf	ETX-260805-0662	8/14/2026 1:56:22 PM	0	OAjayi	13:00	Friday
14AUG26.pdf	ETX-260805-0302	8/14/2026 1:56:38 PM	16	OAjayi	13:00	Friday
14AUG26.pdf	ETX-260805-0297	8/14/2026 1:57:57 PM	79	OAjayi	13:00	Friday
14AUG26.pdf	ETX-260805-0665	8/14/2026 1:58:36 PM	39	OAjayi	13:00	Friday
14AUG26.pdf	ETX-260805-0496	8/14/2026 1:59:06 PM	30	OAjayi	13:00	Friday
14AUG26.pdf	ETX-260805-0714	8/14/2026 1:59:19 PM	13	OAjayi	13:00	Friday
14AUG26.pdf	ETX-260805-0732	8/14/2026 1:59:40 PM	21	OAjayi	13:00	Friday
14AUG26.pdf	ETX-260804-0799	8/14/2026 2:01:40 PM	120	OAjayi	14:00	Friday
14AUG26.pdf	ETX-260805-0409	8/14/2026 2:01:55 PM	15	OAjayi	14:00	Friday
14AUG26.pdf	ETX-260805-0497	8/14/2026 2:02:12 PM	17	OAjayi	14:00	Friday
14AUG26.pdf	ETX-260804-0802	8/14/2026 2:02:39 PM	27	OAjayi	14:00	Friday
14AUG26.pdf	ETX-260805-0639	8/14/2026 2:06:07 PM	208	OAjayi	14:00	Friday
14AUG26.pdf	ETX-260805-0747	8/14/2026 2:06:40 PM	33	OAjayi	14:00	Friday
14AUG26.pdf	ETX-260805-0547	8/14/2026 2:07:12 PM	32	OAjayi	14:00	Friday
14AUG26.pdf	ETX-260805-0749	8/14/2026 2:07:33 PM	21	OAjayi	14:00	Friday
14AUG26.pdf	ETX-260805-0510	8/14/2026 2:07:50 PM	17	OAjayi	14:00	Friday
14AUG26.pdf	ETX-260804-0803	8/14/2026 2:09:45 PM	115	OAjayi	14:00	Friday
14AUG26.pdf	ETX-260805-0647	8/14/2026 2:10:02 PM	17	OAjayi	14:00	Friday
14AUG26.pdf	ETX-260805-0176	8/14/2026 2:12:28 PM	146	OAjayi	14:00	Friday
14AUG26.pdf	ETX-260805-0564	8/14/2026 2:12:55 PM	27	OAjayi	14:00	Friday
14AUG26.pdf	ETX-260805-0212	8/14/2026 2:15:31 PM	156	OAjayi	14:00	Friday
14AUG26.pdf	ETX-260805-0101	8/14/2026 2:16:10 PM	39	OAjayi	14:00	Friday
14AUG26.pdf	ETX-260805-0247	8/14/2026 2:16:30 PM	20	OAjayi	14:00	Friday
14AUG26.pdf	ETX-260805-0131	8/14/2026 2:16:53 PM	23	OAjayi	14:00	Friday
14AUG26.pdf	ETX-260805-0136	8/14/2026 2:17:39 PM	46	OAjayi	14:00	Friday
14AUG26.pdf	ETX-260805-0106	8/14/2026 2:18:02 PM	23	OAjayi	14:00	Friday
14AUG26.pdf	ETX-260805-0199	8/14/2026 2:18:25 PM	23	OAjayi	14:00	Friday
14AUG26.pdf	ETX-260805-0163	8/14/2026 2:18:55 PM	30	OAjayi	14:00	Friday
14AUG26.pdf	ETX-260806-0314	8/14/2026 2:25:29 PM	394	OAjayi	14:00	Friday
14AUG26.pdf	ETX-260805-0118	8/14/2026 2:25:51 PM	22	OAjayi	14:00	Friday
14AUG26.pdf	ETX-260805-0684	8/14/2026 2:26:28 PM	37	OAjayi	14:00	Friday
14AUG26.pdf	ETX-260803-0280	8/14/2026 2:27:15 PM	47	OAjayi	14:00	Friday
14AUG26.pdf	ETX-260805-0556	8/14/2026 2:27:37 PM	22	OAjayi	14:00	Friday
14AUG26.pdf	ETX-260804-0666	8/14/2026 2:28:28 PM	51	OAjayi	14:00	Friday
14AUG26.pdf	ETX-260804-0439	8/14/2026 2:29:42 PM	74	OAjayi	14:00	Friday
14AUG26.pdf	ETX-260806-0372	8/14/2026 2:30:40 PM	58	OAjayi	14:00	Friday
14AUG26.pdf	ETX-260805-0200	8/14/2026 2:36:37 PM	357	OAjayi	14:00	Friday
14AUG26.pdf	ETX-260805-0218	8/14/2026 2:37:32 PM	55	OAjayi	14:00	Friday
14AUG26.pdf	ETX-260805-0721	8/14/2026 2:38:52 PM	80	OAjayi	14:00	Friday
14AUG26.pdf	ETX-260806-0332	8/14/2026 2:42:24 PM	212	OAjayi	14:00	Friday
14AUG26.pdf	ETX-260806-0351	8/14/2026 2:42:55 PM	31	OAjayi	14:00	Friday
14AUG26.pdf	ETX-260804-0819	8/14/2026 2:43:40 PM	45	OAjayi	14:00	Friday
14AUG26.pdf	ETX-260806-0341	8/14/2026 2:44:46 PM	66	OAjayi	14:00	Friday
14AUG26.pdf	ETX-260805-0682	8/14/2026 2:45:46 PM	60	OAjayi	14:00	Friday
14AUG26.pdf	ETX-260805-0677	8/14/2026 2:46:07 PM	21	OAjayi	14:00	Friday
14AUG26.pdf	ETX-260805-0680	8/14/2026 2:47:02 PM	55	OAjayi	14:00	Friday
14AUG26.pdf	ETX-260806-0344	8/14/2026 2:47:24 PM	22	OAjayi	14:00	Friday
14AUG26.pdf	ETX-260805-0059	8/14/2026 2:48:24 PM	60	OAjayi	14:00	Friday
14AUG26.pdf	ETX-260805-0806	8/14/2026 2:49:19 PM	55	OAjayi	14:00	Friday
14AUG26.pdf	ETX-260805-0424	8/14/2026 2:51:53 PM	154	OAjayi	14:00	Friday
14AUG26.pdf	ETX-260805-0058	8/14/2026 2:52:57 PM	64	OAjayi	14:00	Friday
14AUG26.pdf	ETX-260805-0745	8/14/2026 2:53:15 PM	18	OAjayi	14:00	Friday
17AUG26.pdf	ETX-260805-0221	8/17/2026 2:19:36 PM	0	OAjayi	14:00	Monday
17AUG26.pdf	ETX-260805-0150	8/17/2026 2:20:07 PM	31	OAjayi	14:00	Monday
17AUG26.pdf	ETX-260805-0160	8/17/2026 2:20:34 PM	27	OAjayi	14:00	Monday
17AUG26.pdf	ETX-260805-0140	8/17/2026 2:21:08 PM	34	OAjayi	14:00	Monday
17AUG26.pdf	ETX-260805-0190	8/17/2026 2:21:26 PM	18	OAjayi	14:00	Monday
17AUG26.pdf	ETX-260805-0146	8/17/2026 2:21:47 PM	21	OAjayi	14:00	Monday
17AUG26.pdf	ETX-260805-0154	8/17/2026 2:22:17 PM	30	OAjayi	14:00	Monday
17AUG26.pdf	ETX-260805-0224	8/17/2026 2:22:50 PM	33	OAjayi	14:00	Monday
17AUG26.pdf	ETX-260806-0542	8/17/2026 2:27:24 PM	274	OAjayi	14:00	Monday
17AUG26.pdf	ETX-260806-0414	8/17/2026 2:28:03 PM	39	OAjayi	14:00	Monday
17AUG26.pdf	ETX-260806-0707	8/17/2026 2:28:23 PM	20	OAjayi	14:00	Monday
17AUG26.pdf	ETX-260805-0764	8/17/2026 2:29:10 PM	47	OAjayi	14:00	Monday
17AUG26.pdf	ETX-260806-0415	8/17/2026 2:29:49 PM	39	OAjayi	14:00	Monday
17AUG26.pdf	ETX-260806-0306	8/17/2026 2:31:42 PM	113	OAjayi	14:00	Monday
17AUG26.pdf	ETX-260807-0325	8/17/2026 2:32:17 PM	35	OAjayi	14:00	Monday
17AUG26.pdf	ETX-260807-0568	8/17/2026 2:32:57 PM	40	OAjayi	14:00	Monday
17AUG26.pdf	ETX-260807-0231	8/17/2026 2:33:43 PM	46	OAjayi	14:00	Monday
17AUG26.pdf	ETX-260807-0398	8/17/2026 2:34:14 PM	31	OAjayi	14:00	Monday
17AUG26.pdf	ETX-260807-0417	8/17/2026 2:35:16 PM	62	OAjayi	14:00	Monday
17AUG26.pdf	ETX-260807-0572	8/17/2026 2:35:49 PM	33	OAjayi	14:00	Monday
17AUG26.pdf	ETX-260807-0327	8/17/2026 2:36:15 PM	26	OAjayi	14:00	Monday
17AUG26.pdf	ETX-260806-0690	8/17/2026 2:37:04 PM	49	OAjayi	14:00	Monday
17AUG26.pdf	ETX-260807-0227	8/17/2026 2:39:40 PM	156	OAjayi	14:00	Monday
17AUG26.pdf	ETX-260807-0271	8/17/2026 2:45:11 PM	331	OAjayi	14:00	Monday
17AUG26.pdf	ETX-260806-0788	8/17/2026 2:46:06 PM	55	OAjayi	14:00	Monday
17AUG26.pdf	ETX-260806-0786	8/17/2026 2:46:36 PM	30	OAjayi	14:00	Monday
17AUG26.pdf	ETX-260807-0235	8/17/2026 2:48:00 PM	84	OAjayi	14:00	Monday
17AUG26.pdf	ETX-260807-0567	8/17/2026 2:49:02 PM	62	OAjayi	14:00	Monday
17AUG26.pdf	ETX-260806-0785	8/17/2026 2:49:29 PM	27	OAjayi	14:00	Monday
17AUG26.pdf	ETX-260807-0199	8/17/2026 2:50:39 PM	70	OAjayi	14:00	Monday
17AUG26.pdf	ETX-260806-0468	8/17/2026 2:53:23 PM	164	OAjayi	14:00	Monday
17AUG26.pdf	ETX-260807-0493	8/17/2026 2:54:40 PM	77	OAjayi	14:00	Monday
17AUG26.pdf	ETX-260806-0153	8/17/2026 2:55:14 PM	34	OAjayi	14:00	Monday
17AUG26.pdf	ETX-260807-0305	8/17/2026 2:56:14 PM	60	OAjayi	14:00	Monday
17AUG26.pdf	ETX-260806-0459	8/17/2026 3:01:31 PM	317	OAjayi	15:00	Monday
17AUG26.pdf	ETX-260807-0496	8/17/2026 3:05:00 PM	209	OAjayi	15:00	Monday
17AUG26.pdf	ETX-260807-0342	8/17/2026 3:05:42 PM	42	OAjayi	15:00	Monday
17AUG26.pdf	ETX-260807-0501	8/17/2026 3:06:29 PM	47	OAjayi	15:00	Monday
17AUG26.pdf	ETX-260807-0497	8/17/2026 3:10:08 PM	219	OAjayi	15:00	Monday
17AUG26.pdf	ETX-260807-0498	8/17/2026 3:10:26 PM	18	OAjayi	15:00	Monday
17AUG26.pdf	ETX-260807-0500	8/17/2026 3:10:53 PM	27	OAjayi	15:00	Monday
17AUG26.pdf	ETX-260807-0504	8/17/2026 3:12:44 PM	111	OAjayi	15:00	Monday
17AUG26.pdf	ETX-260806-0649	8/17/2026 3:13:18 PM	34	OAjayi	15:00	Monday
17AUG26.pdf	ETX-260806-0656	8/17/2026 3:13:41 PM	23	OAjayi	15:00	Monday
17AUG26.pdf	ETX-260807-0396	8/17/2026 3:24:48 PM	667	OAjayi	15:00	Monday
17AUG26.pdf	ETX-260807-0151	8/17/2026 3:25:42 PM	54	OAjayi	15:00	Monday
17AUG26.pdf	ETX-260807-0001	8/17/2026 3:26:12 PM	30	OAjayi	15:00	Monday
17AUG26.pdf	ETX-260807-0323	8/17/2026 3:27:40 PM	88	OAjayi	15:00	Monday
17AUG26.pdf	ETX-260806-0147	8/17/2026 3:34:56 PM	436	OAjayi	15:00	Monday
17AUG26.pdf	ETX-260807-0406	8/17/2026 3:35:34 PM	38	OAjayi	15:00	Monday
17AUG26.pdf	ETX-260804-0292	8/17/2026 3:36:10 PM	36	OAjayi	15:00	Monday
17AUG26.pdf	ETX-260807-0309	8/17/2026 3:40:55 PM	285	OAjayi	15:00	Monday
17AUG26.pdf	ETX-260807-0115	8/17/2026 3:41:17 PM	22	OAjayi	15:00	Monday
17AUG26.pdf	ETX-260806-0349	8/17/2026 3:42:49 PM	92	OAjayi	15:00	Monday
18AUG26.pdf	ETX-260716-0266	8/18/2026 1:31:25 PM	0	OAjayi	13:00	Tuesday
18AUG26.pdf	ETX-260810-0186	8/18/2026 1:33:57 PM	152	OAjayi	13:00	Tuesday
18AUG26.pdf	ETX-260810-0123	8/18/2026 1:34:42 PM	45	OAjayi	13:00	Tuesday
18AUG26.pdf	ETX-260810-0111	8/18/2026 1:35:04 PM	22	OAjayi	13:00	Tuesday
18AUG26.pdf	ETX-260810-0118	8/18/2026 1:35:44 PM	40	OAjayi	13:00	Tuesday
18AUG26.pdf	ETX-260806-0103	8/18/2026 1:36:13 PM	29	OAjayi	13:00	Tuesday
18AUG26.pdf	ETX-260806-0073	8/18/2026 1:36:28 PM	15	OAjayi	13:00	Tuesday
18AUG26.pdf	ETX-260806-0164	8/18/2026 1:38:33 PM	125	OAjayi	13:00	Tuesday
18AUG26.pdf	ETX-260806-0088	8/18/2026 1:39:18 PM	45	OAjayi	13:00	Tuesday
18AUG26.pdf	ETX-260806-0094	8/18/2026 1:39:33 PM	15	OAjayi	13:00	Tuesday
18AUG26.pdf	ETX-260810-0102	8/18/2026 1:39:47 PM	14	OAjayi	13:00	Tuesday
18AUG26.pdf	ETX-260806-0100	8/18/2026 1:40:04 PM	17	OAjayi	13:00	Tuesday
18AUG26.pdf	ETX-260806-0097	8/18/2026 1:40:26 PM	22	OAjayi	13:00	Tuesday
18AUG26.pdf	ETX-260806-0131	8/18/2026 1:40:47 PM	21	OAjayi	13:00	Tuesday
18AUG26.pdf	ETX-260810-0082	8/18/2026 1:42:23 PM	96	OAjayi	13:00	Tuesday
18AUG26.pdf	ETX-260807-0036	8/18/2026 1:48:41 PM	378	OAjayi	13:00	Tuesday
18AUG26.pdf	ETX-260807-0038	8/18/2026 1:49:05 PM	24	OAjayi	13:00	Tuesday
18AUG26.pdf	ETX-260807-0032	8/18/2026 1:49:30 PM	25	OAjayi	13:00	Tuesday
18AUG26.pdf	ETX-260806-0170	8/18/2026 1:49:51 PM	21	OAjayi	13:00	Tuesday
18AUG26.pdf	ETX-260807-0039	8/18/2026 1:50:07 PM	16	OAjayi	13:00	Tuesday
18AUG26.pdf	ETX-260807-0041	8/18/2026 1:50:52 PM	45	OAjayi	13:00	Tuesday
18AUG26.pdf	ETX-260807-0046	8/18/2026 1:51:05 PM	13	OAjayi	13:00	Tuesday
18AUG26.pdf	ETX-260807-0033	8/18/2026 1:51:52 PM	47	OAjayi	13:00	Tuesday
18AUG26.pdf	ETX-260807-0053	8/18/2026 1:52:08 PM	16	OAjayi	13:00	Tuesday
18AUG26.pdf	ETX-260807-0043	8/18/2026 1:52:34 PM	26	OAjayi	13:00	Tuesday
18AUG26.pdf	ETX-260807-0044	8/18/2026 1:52:59 PM	25	OAjayi	13:00	Tuesday
18AUG26.pdf	ETX-260806-0148	8/18/2026 1:53:19 PM	20	OAjayi	13:00	Tuesday
18AUG26.pdf	ETX-260807-0037	8/18/2026 1:53:38 PM	19	OAjayi	13:00	Tuesday
18AUG26.pdf	ETX-260807-0029	8/18/2026 1:54:15 PM	37	OAjayi	13:00	Tuesday
18AUG26.pdf	ETX-260806-0146	8/18/2026 1:54:34 PM	19	OAjayi	13:00	Tuesday
18AUG26.pdf	ETX-260806-0178	8/18/2026 1:54:45 PM	11	OAjayi	13:00	Tuesday
18AUG26.pdf	ETX-260807-0040	8/18/2026 1:55:11 PM	26	OAjayi	13:00	Tuesday
18AUG26.pdf	ETX-260806-0140	8/18/2026 1:55:26 PM	15	OAjayi	13:00	Tuesday
18AUG26.pdf	ETX-260807-0031	8/18/2026 1:55:42 PM	16	OAjayi	13:00	Tuesday
18AUG26.pdf	ETX-260807-0050	8/18/2026 1:56:04 PM	22	OAjayi	13:00	Tuesday
18AUG26.pdf	ETX-260807-0047	8/18/2026 1:56:18 PM	14	OAjayi	13:00	Tuesday
18AUG26.pdf	ETX-260807-0045	8/18/2026 1:56:49 PM	31	OAjayi	13:00	Tuesday
18AUG26.pdf	ETX-260807-0030	8/18/2026 1:57:05 PM	16	OAjayi	13:00	Tuesday
18AUG26.pdf	ETX-260806-0156	8/18/2026 1:57:26 PM	21	OAjayi	13:00	Tuesday
18AUG26.pdf	ETX-260807-0034	8/18/2026 1:57:50 PM	24	OAjayi	13:00	Tuesday
18AUG26.pdf	ETX-260806-0129	8/18/2026 1:58:05 PM	15	OAjayi	13:00	Tuesday
18AUG26.pdf	ETX-260806-0096	8/18/2026 1:58:20 PM	15	OAjayi	13:00	Tuesday
18AUG26.pdf	ETX-260806-0124	8/18/2026 1:58:48 PM	28	OAjayi	13:00	Tuesday
18AUG26.pdf	ETX-260806-0102	8/18/2026 1:59:09 PM	21	OAjayi	13:00	Tuesday
18AUG26.pdf	ETX-260806-0134	8/18/2026 1:59:41 PM	32	OAjayi	13:00	Tuesday
18AUG26.pdf	ETX-260807-0495	8/18/2026 2:00:28 PM	47	OAjayi	14:00	Tuesday
18AUG26.pdf	ETX-260806-0689	8/18/2026 2:02:02 PM	94	OAjayi	14:00	Tuesday
18AUG26.pdf	ETX-260810-0022	8/18/2026 2:02:21 PM	19	OAjayi	14:00	Tuesday
18AUG26.pdf	ETX-260806-0673	8/18/2026 2:02:39 PM	18	OAjayi	14:00	Tuesday
18AUG26.pdf	ETX-260806-0678	8/18/2026 2:03:12 PM	33	OAjayi	14:00	Tuesday
18AUG26.pdf	ETX-260805-0338	8/18/2026 2:03:55 PM	43	OAjayi	14:00	Tuesday
18AUG26.pdf	ETX-260806-0771	8/18/2026 2:07:11 PM	196	OAjayi	14:00	Tuesday
18AUG26.pdf	ETX-260810-0450	8/18/2026 2:07:40 PM	29	OAjayi	14:00	Tuesday
18AUG26.pdf	ETX-260806-0682	8/18/2026 2:07:57 PM	17	OAjayi	14:00	Tuesday
18AUG26.pdf	ETX-260810-0554	8/18/2026 2:10:09 PM	132	OAjayi	14:00	Tuesday
18AUG26.pdf	ETX-260810-0534	8/18/2026 2:10:24 PM	15	OAjayi	14:00	Tuesday
18AUG26.pdf	ETX-260810-0438	8/18/2026 2:11:22 PM	58	OAjayi	14:00	Tuesday
18AUG26.pdf	ETX-260810-0523	8/18/2026 2:11:56 PM	34	OAjayi	14:00	Tuesday
18AUG26.pdf	ETX-260807-0261	8/18/2026 2:12:40 PM	44	OAjayi	14:00	Tuesday
18AUG26.pdf	ETX-260803-0773	8/18/2026 2:14:09 PM	89	OAjayi	14:00	Tuesday
19AUG26.pdf	ETX-260810-0127	8/19/2026 2:47:55 PM	0	OAjayi	14:00	Wednesday
19AUG26.pdf	ETX-260810-0146	8/19/2026 2:48:29 PM	34	OAjayi	14:00	Wednesday
19AUG26.pdf	ETX-260810-0233	8/19/2026 2:49:08 PM	39	OAjayi	14:00	Wednesday
19AUG26.pdf	ETX-260810-0145	8/19/2026 2:49:38 PM	30	OAjayi	14:00	Wednesday
19AUG26.pdf	ETX-260810-0103	8/19/2026 2:50:00 PM	22	OAjayi	14:00	Wednesday
19AUG26.pdf	ETX-260810-0114	8/19/2026 2:50:32 PM	32	OAjayi	14:00	Wednesday
19AUG26.pdf	ETX-260810-0184	8/19/2026 2:51:21 PM	49	OAjayi	14:00	Wednesday
19AUG26.pdf	ETX-260810-0193	8/19/2026 2:51:46 PM	25	OAjayi	14:00	Wednesday
19AUG26.pdf	ETX-260810-0150	8/19/2026 2:52:08 PM	22	OAjayi	14:00	Wednesday
19AUG26.pdf	ETX-260810-0100	8/19/2026 2:52:35 PM	27	OAjayi	14:00	Wednesday
19AUG26.pdf	ETX-260810-0167	8/19/2026 2:56:48 PM	253	OAjayi	14:00	Wednesday
19AUG26.pdf	ETX-260810-0129	8/19/2026 2:57:21 PM	33	OAjayi	14:00	Wednesday
19AUG26.pdf	ETX-260810-0125	8/19/2026 2:57:40 PM	19	OAjayi	14:00	Wednesday
19AUG26.pdf	ETX-260810-0209	8/19/2026 2:58:20 PM	40	OAjayi	14:00	Wednesday
19AUG26.pdf	ETX-260810-0230	8/19/2026 2:59:10 PM	50	OAjayi	14:00	Wednesday
19AUG26.pdf	ETX-260810-0223	8/19/2026 3:00:14 PM	64	OAjayi	15:00	Wednesday
19AUG26.pdf	ETX-260810-0212	8/19/2026 3:00:30 PM	16	OAjayi	15:00	Wednesday
19AUG26.pdf	ETX-260810-0153	8/19/2026 3:02:06 PM	96	OAjayi	15:00	Wednesday
19AUG26.pdf	ETX-260810-0156	8/19/2026 3:02:25 PM	19	OAjayi	15:00	Wednesday
19AUG26.pdf	ETX-260810-0249	8/19/2026 3:02:48 PM	23	OAjayi	15:00	Wednesday
19AUG26.pdf	ETX-260810-0109	8/19/2026 3:04:26 PM	98	OAjayi	15:00	Wednesday
19AUG26.pdf	ETX-260810-0120	8/19/2026 3:04:42 PM	16	OAjayi	15:00	Wednesday
19AUG26.pdf	ETX-260810-0158	8/19/2026 3:04:56 PM	14	OAjayi	15:00	Wednesday
19AUG26.pdf	ETX-260810-0098	8/19/2026 3:06:48 PM	112	OAjayi	15:00	Wednesday
19AUG26.pdf	ETX-260810-0240	8/19/2026 3:07:37 PM	49	OAjayi	15:00	Wednesday
19AUG26.pdf	ETX-260810-0151	8/19/2026 3:08:56 PM	79	OAjayi	15:00	Wednesday
19AUG26.pdf	ETX-260810-0134	8/19/2026 3:09:08 PM	12	OAjayi	15:00	Wednesday
19AUG26.pdf	ETX-260810-0138	8/19/2026 3:09:45 PM	37	OAjayi	15:00	Wednesday
19AUG26.pdf	ETX-260810-0094	8/19/2026 3:10:45 PM	60	OAjayi	15:00	Wednesday
19AUG26.pdf	ETX-260810-0113	8/19/2026 3:11:50 PM	65	OAjayi	15:00	Wednesday
19AUG26.pdf	ETX-260810-0141	8/19/2026 3:12:13 PM	23	OAjayi	15:00	Wednesday
19AUG26.pdf	ETX-260810-0205	8/19/2026 3:12:48 PM	35	OAjayi	15:00	Wednesday
19AUG26.pdf	ETX-260810-0110	8/19/2026 3:13:29 PM	41	OAjayi	15:00	Wednesday
19AUG26.pdf	ETX-260810-0201	8/19/2026 3:13:44 PM	15	OAjayi	15:00	Wednesday
19AUG26.pdf	ETX-260810-0117	8/19/2026 3:14:40 PM	56	OAjayi	15:00	Wednesday
19AUG26.pdf	ETX-260810-0160	8/19/2026 3:15:41 PM	61	OAjayi	15:00	Wednesday
19AUG26.pdf	ETX-260810-0196	8/19/2026 3:16:04 PM	23	OAjayi	15:00	Wednesday
19AUG26.pdf	ETX-260810-0405	8/19/2026 3:18:06 PM	122	OAjayi	15:00	Wednesday
19AUG26.pdf	ETX-260810-0622	8/19/2026 3:18:19 PM	13	OAjayi	15:00	Wednesday
19AUG26.pdf	ETX-260810-0357	8/19/2026 3:18:39 PM	20	OAjayi	15:00	Wednesday
19AUG26.pdf	ETX-260810-0619	8/19/2026 3:18:59 PM	20	OAjayi	15:00	Wednesday
19AUG26.pdf	ETX-260810-0207	8/19/2026 3:21:55 PM	176	OAjayi	15:00	Wednesday
19AUG26.pdf	ETX-260810-0198	8/19/2026 3:22:21 PM	26	OAjayi	15:00	Wednesday
19AUG26.pdf	ETX-260810-0736	8/19/2026 3:23:09 PM	48	OAjayi	15:00	Wednesday
19AUG26.pdf	ETX-260810-0121	8/19/2026 3:23:42 PM	33	OAjayi	15:00	Wednesday
19AUG26.pdf	ETX-260807-0269	8/19/2026 3:23:54 PM	12	OAjayi	15:00	Wednesday
19AUG26.pdf	ETX-260810-0219	8/19/2026 3:24:22 PM	28	OAjayi	15:00	Wednesday
19AUG26.pdf	ETX-260810-0182	8/19/2026 3:25:39 PM	77	OAjayi	15:00	Wednesday
19AUG26.pdf	ETX-260810-0202	8/19/2026 3:26:26 PM	47	OAjayi	15:00	Wednesday
19AUG26.pdf	ETX-260810-0216	8/19/2026 3:26:39 PM	13	OAjayi	15:00	Wednesday
19AUG26.pdf	ETX-260810-0185	8/19/2026 3:26:54 PM	15	OAjayi	15:00	Wednesday
19AUG26.pdf	ETX-260810-0739	8/19/2026 3:27:18 PM	24	OAjayi	15:00	Wednesday
19AUG26.pdf	ETX-260810-0170	8/19/2026 3:28:50 PM	92	OAjayi	15:00	Wednesday
19AUG26.pdf	ETX-260810-0191	8/19/2026 3:29:12 PM	22	OAjayi	15:00	Wednesday
19AUG26.pdf	ETX-260811-0291	8/19/2026 3:29:51 PM	39	OAjayi	15:00	Wednesday
19AUG26.pdf	ETX-260811-0292	8/19/2026 3:30:09 PM	18	OAjayi	15:00	Wednesday
19AUG26.pdf	ETX-260810-0633	8/19/2026 3:31:03 PM	54	OAjayi	15:00	Wednesday
19AUG26.pdf	ETX-260810-0761	8/19/2026 3:31:27 PM	24	OAjayi	15:00	Wednesday
19AUG26.pdf	ETX-260811-0311	8/19/2026 3:33:22 PM	115	OAjayi	15:00	Wednesday
19AUG26.pdf	ETX-260810-0638	8/19/2026 3:33:37 PM	15	OAjayi	15:00	Wednesday
19AUG26.pdf	ETX-260810-0634	8/19/2026 3:33:53 PM	16	OAjayi	15:00	Wednesday
19AUG26.pdf	ETX-260811-0309	8/19/2026 3:34:37 PM	44	OAjayi	15:00	Wednesday
19AUG26.pdf	ETX-260810-0636	8/19/2026 3:34:54 PM	17	OAjayi	15:00	Wednesday
19AUG26.pdf	ETX-260810-0666	8/19/2026 3:35:16 PM	22	OAjayi	15:00	Wednesday
19AUG26.pdf	ETX-260810-0632	8/19/2026 3:35:30 PM	14	OAjayi	15:00	Wednesday
19AUG26.pdf	ETX-260811-0031	8/19/2026 3:35:47 PM	17	OAjayi	15:00	Wednesday
19AUG26.pdf	ETX-260811-0113	8/19/2026 3:37:11 PM	84	OAjayi	15:00	Wednesday
19AUG26.pdf	ETX-260811-0115	8/19/2026 3:37:40 PM	29	OAjayi	15:00	Wednesday
19AUG26.pdf	ETX-260811-0119	8/19/2026 3:39:16 PM	96	OAjayi	15:00	Wednesday
19AUG26.pdf	ETX-260811-0130	8/19/2026 3:39:29 PM	13	OAjayi	15:00	Wednesday
19AUG26.pdf	ETX-260811-0134	8/19/2026 3:39:49 PM	20	OAjayi	15:00	Wednesday
19AUG26.pdf	ETX-260811-0114	8/19/2026 3:40:08 PM	19	OAjayi	15:00	Wednesday
19AUG26.pdf	ETX-260811-0042	8/19/2026 3:40:36 PM	28	OAjayi	15:00	Wednesday
19AUG26.pdf	ETX-260810-0616	8/19/2026 3:41:46 PM	70	OAjayi	15:00	Wednesday
19AUG26.pdf	ETX-260810-0599	8/19/2026 3:42:06 PM	20	OAjayi	15:00	Wednesday
19AUG26.pdf	ETX-260810-0741	8/19/2026 3:43:03 PM	57	OAjayi	15:00	Wednesday
19AUG26.pdf	ETX-260810-0416	8/19/2026 3:43:23 PM	20	OAjayi	15:00	Wednesday
19AUG26.pdf	ETX-260810-0743	8/19/2026 3:44:00 PM	37	OAjayi	15:00	Wednesday
19AUG26.pdf	ETX-260728-0370	8/19/2026 3:44:55 PM	55	OAjayi	15:00	Wednesday
19AUG26.pdf	ETX-260810-0149	8/19/2026 3:45:18 PM	23	OAjayi	15:00	Wednesday
19AUG26.pdf	ETX-260810-0130	8/19/2026 3:45:40 PM	22	OAjayi	15:00	Wednesday
19AUG26.pdf	ETX-260810-0085	8/19/2026 3:45:55 PM	15	OAjayi	15:00	Wednesday
19AUG26.pdf	ETX-260810-0742	8/19/2026 3:47:37 PM	102	OAjayi	15:00	Wednesday
21AUG26.pdf	ETX-260804-0789	8/21/2026 3:13:14 PM	0	OAjayi	15:00	Friday
21AUG26.pdf	ETX-260813-0220	8/21/2026 3:14:31 PM	77	OAjayi	15:00	Friday
21AUG26.pdf	ETX-260812-0028	8/21/2026 3:19:43 PM	312	OAjayi	15:00	Friday
21AUG26.pdf	ETX-260813-0108	8/21/2026 3:20:15 PM	32	OAjayi	15:00	Friday
21AUG26.pdf	ETX-260812-0036	8/21/2026 3:21:34 PM	79	OAjayi	15:00	Friday
21AUG26.pdf	ETX-260812-0026	8/21/2026 3:21:58 PM	24	OAjayi	15:00	Friday
21AUG26.pdf	ETX-260813-0099	8/21/2026 3:22:15 PM	17	OAjayi	15:00	Friday
21AUG26.pdf	ETX-260813-0097	8/21/2026 3:23:09 PM	54	OAjayi	15:00	Friday
21AUG26.pdf	ETX-260813-0095	8/21/2026 3:23:35 PM	26	OAjayi	15:00	Friday
21AUG26.pdf	ETX-260813-0093	8/21/2026 3:24:42 PM	67	OAjayi	15:00	Friday
21AUG26.pdf	ETX-260813-0119	8/21/2026 3:25:19 PM	37	OAjayi	15:00	Friday
21AUG26.pdf	ETX-260813-0103	8/21/2026 3:25:57 PM	38	OAjayi	15:00	Friday
21AUG26.pdf	ETX-260812-0035	8/21/2026 3:26:52 PM	55	OAjayi	15:00	Friday
21AUG26.pdf	ETX-260812-0030	8/21/2026 3:27:25 PM	33	OAjayi	15:00	Friday
21AUG26.pdf	ETX-260813-0131	8/21/2026 3:28:10 PM	45	OAjayi	15:00	Friday
21AUG26.pdf	ETX-260813-0105	8/21/2026 3:28:27 PM	17	OAjayi	15:00	Friday
21AUG26.pdf	ETX-260813-0116	8/21/2026 3:29:17 PM	50	OAjayi	15:00	Friday
21AUG26.pdf	ETX-260813-0129	8/21/2026 3:29:57 PM	40	OAjayi	15:00	Friday
21AUG26.pdf	ETX-260813-0101	8/21/2026 3:30:33 PM	36	OAjayi	15:00	Friday
21AUG26.pdf	ETX-260813-0721	8/21/2026 3:32:35 PM	122	OAjayi	15:00	Friday
21AUG26.pdf	ETX-260812-0526	8/21/2026 3:33:52 PM	77	OAjayi	15:00	Friday
21AUG26.pdf	ETX-260813-0214	8/21/2026 3:35:26 PM	94	OAjayi	15:00	Friday
21AUG26.pdf	ETX-260813-0239	8/21/2026 3:38:11 PM	165	OAjayi	15:00	Friday
21AUG26.pdf	ETX-260813-0182	8/21/2026 3:42:39 PM	268	OAjayi	15:00	Friday
21AUG26.pdf	ETX-260813-0082	8/21/2026 3:43:47 PM	68	OAjayi	15:00	Friday
21AUG26.pdf	ETX-260813-0234	8/21/2026 3:44:36 PM	49	OAjayi	15:00	Friday
21AUG26.pdf	ETX-260813-0219	8/21/2026 3:46:05 PM	89	OAjayi	15:00	Friday
21AUG26.pdf	ETX-260813-0248	8/21/2026 3:47:05 PM	60	OAjayi	15:00	Friday
21AUG26.pdf	ETX-260810-0506	8/21/2026 3:49:09 PM	124	OAjayi	15:00	Friday
21AUG26.pdf	ETX-260812-0032	8/21/2026 3:50:32 PM	83	OAjayi	15:00	Friday
21AUG26.pdf	ETX-260813-0112	8/21/2026 3:50:45 PM	13	OAjayi	15:00	Friday
24AUG26.pdf	ETX-260813-0123	8/24/2026 6:02:10 PM	0	OAjayi	18:00	Monday
24AUG26.pdf	ETX-260813-0130	8/24/2026 6:02:39 PM	29	OAjayi	18:00	Monday
24AUG26.pdf	ETX-260813-0121	8/24/2026 6:02:55 PM	16	OAjayi	18:00	Monday
24AUG26.pdf	ETX-260813-0127	8/24/2026 6:03:26 PM	31	OAjayi	18:00	Monday
24AUG26.pdf	ETX-260813-0115	8/24/2026 6:03:50 PM	24	OAjayi	18:00	Monday
24AUG26.pdf	ETX-260814-0222	8/24/2026 6:04:05 PM	15	OAjayi	18:00	Monday
24AUG26.pdf	ETX-260813-0666	8/24/2026 6:04:24 PM	19	OAjayi	18:00	Monday
24AUG26.pdf	ETX-260813-0850	8/24/2026 6:04:49 PM	25	OAjayi	18:00	Monday
24AUG26.pdf	ETX-260812-0467	8/24/2026 6:05:11 PM	22	OAjayi	18:00	Monday
24AUG26.pdf	ETX-260813-0111	8/24/2026 6:06:17 PM	66	OAjayi	18:00	Monday
24AUG26.pdf	ETX-260813-0555	8/24/2026 6:09:06 PM	169	OAjayi	18:00	Monday
24AUG26.pdf	ETX-260813-0357	8/24/2026 6:09:21 PM	15	OAjayi	18:00	Monday
24AUG26.pdf	ETX-260813-0940	8/24/2026 6:09:41 PM	20	OAjayi	18:00	Monday
24AUG26.pdf	ETX-260814-0395	8/24/2026 6:11:34 PM	113	OAjayi	18:00	Monday
24AUG26.pdf	ETX-260814-0074	8/24/2026 6:12:12 PM	38	OAjayi	18:00	Monday
24AUG26.pdf	ETX-260814-0310	8/24/2026 6:12:30 PM	18	OAjayi	18:00	Monday
24AUG26.pdf	ETX-260814-0379	8/24/2026 6:13:13 PM	43	OAjayi	18:00	Monday
24AUG26.pdf	ETX-260814-0426	8/24/2026 6:13:29 PM	16	OAjayi	18:00	Monday
24AUG26.pdf	ETX-260813-0869	8/24/2026 6:15:02 PM	93	OAjayi	18:00	Monday
24AUG26.pdf	ETX-260814-0270	8/24/2026 6:16:22 PM	80	OAjayi	18:00	Monday
24AUG26.pdf	ETX-260813-0440	8/24/2026 6:16:54 PM	32	OAjayi	18:00	Monday
24AUG26.pdf	ETX-260814-0318	8/24/2026 6:18:47 PM	113	OAjayi	18:00	Monday
24AUG26.pdf	ETX-260814-0386	8/24/2026 6:19:11 PM	24	OAjayi	18:00	Monday
24AUG26.pdf	ETX-260814-0321	8/24/2026 6:19:34 PM	23	OAjayi	18:00	Monday
24AUG26.pdf	ETX-260813-0626	8/24/2026 6:22:14 PM	160	OAjayi	18:00	Monday
24AUG26.pdf	ETX-260813-0630	8/24/2026 6:22:27 PM	13	OAjayi	18:00	Monday
24AUG26.pdf	ETX-260814-0271	8/24/2026 6:22:54 PM	27	OAjayi	18:00	Monday
24AUG26.pdf	ETX-260814-0266	8/24/2026 6:23:08 PM	14	OAjayi	18:00	Monday
24AUG26.pdf	ETX-260813-0706	8/24/2026 6:23:34 PM	26	OAjayi	18:00	Monday
24AUG26.pdf	ETX-260811-0820	8/24/2026 6:23:47 PM	13	OAjayi	18:00	Monday
24AUG26.pdf	ETX-260814-0364	8/24/2026 6:24:17 PM	30	OAjayi	18:00	Monday
24AUG26.pdf	ETX-260811-0821	8/24/2026 6:24:35 PM	18	OAjayi	18:00	Monday
24AUG26.pdf	ETX-260812-0433	8/24/2026 6:30:12 PM	337	OAjayi	18:00	Monday
24AUG26.pdf	ETX-260812-0745	8/24/2026 6:30:32 PM	20	OAjayi	18:00	Monday
24AUG26.pdf	ETX-260813-0365	8/24/2026 6:30:43 PM	11	OAjayi	18:00	Monday
24AUG26.pdf	ETX-260813-0416	8/24/2026 6:30:56 PM	13	OAjayi	18:00	Monday
24AUG26.pdf	ETX-260813-0500	8/24/2026 6:50:13 PM	1157	OAjayi	18:00	Monday
24AUG26.pdf	ETX-260813-0549	8/24/2026 6:50:41 PM	28	OAjayi	18:00	Monday
24AUG26.pdf	ETX-260812-0420	8/24/2026 6:50:59 PM	18	OAjayi	18:00	Monday
24AUG26.pdf	ETX-260813-0429	8/24/2026 6:51:45 PM	46	OAjayi	18:00	Monday
24AUG26.pdf	ETX-260813-0496	8/24/2026 6:51:57 PM	12	OAjayi	18:00	Monday
24AUG26.pdf	ETX-260813-0497	8/24/2026 6:52:14 PM	17	OAjayi	18:00	Monday
24AUG26.pdf	ETX-260814-0435	8/24/2026 6:52:34 PM	20	OAjayi	18:00	Monday
24AUG26.pdf	ETX-260814-0436	8/24/2026 6:52:44 PM	10	OAjayi	18:00	Monday
24AUG26.pdf	ETX-260814-0449	8/24/2026 6:52:57 PM	13	OAjayi	18:00	Monday
25AUG26.pdf	ETX-260814-0302	8/18/2026 1:21:31 PM	0	OAjayi	13:00	Tuesday
25AUG26.pdf	ETX-260814-0064	8/25/2026 2:08:33 PM	607622	OAjayi	14:00	Tuesday
25AUG26.pdf	ETX-260814-0063	8/25/2026 2:09:07 PM	34	OAjayi	14:00	Tuesday
25AUG26.pdf	ETX-260814-0065	8/25/2026 2:09:44 PM	37	OAjayi	14:00	Tuesday
25AUG26.pdf	ETX-260814-0060	8/25/2026 2:10:07 PM	23	OAjayi	14:00	Tuesday
25AUG26.pdf	ETX-260814-0069	8/25/2026 2:10:27 PM	20	OAjayi	14:00	Tuesday
25AUG26.pdf	ETX-260814-0058	8/25/2026 2:10:49 PM	22	OAjayi	14:00	Tuesday
25AUG26.pdf	ETX-260814-0070	8/25/2026 2:11:08 PM	19	OAjayi	14:00	Tuesday
25AUG26.pdf	ETX-260813-0240	8/25/2026 2:11:40 PM	32	OAjayi	14:00	Tuesday
25AUG26.pdf	ETX-260814-0072	8/25/2026 2:12:06 PM	26	OAjayi	14:00	Tuesday
25AUG26.pdf	ETX-260814-0071	8/25/2026 2:12:41 PM	35	OAjayi	14:00	Tuesday
25AUG26.pdf	ETX-260814-0067	8/25/2026 2:13:04 PM	23	OAjayi	14:00	Tuesday
25AUG26.pdf	ETX-260814-0073	8/25/2026 2:13:45 PM	41	OAjayi	14:00	Tuesday
25AUG26.pdf	ETX-260813-0391	8/25/2026 2:14:42 PM	57	OAjayi	14:00	Tuesday
25AUG26.pdf	ETX-260814-0349	8/25/2026 2:16:40 PM	118	OAjayi	14:00	Tuesday
25AUG26.pdf	ETX-260813-0758	8/25/2026 2:17:37 PM	57	OAjayi	14:00	Tuesday
25AUG26.pdf	ETX-260813-0750	8/25/2026 2:18:12 PM	35	OAjayi	14:00	Tuesday
25AUG26.pdf	ETX-260817-0013	8/25/2026 2:18:39 PM	27	OAjayi	14:00	Tuesday
25AUG26.pdf	ETX-260817-0283	8/25/2026 2:20:10 PM	91	OAjayi	14:00	Tuesday
25AUG26.pdf	ETX-260813-0753	8/25/2026 2:20:53 PM	43	OAjayi	14:00	Tuesday
25AUG26.pdf	ETX-260817-0280	8/25/2026 2:21:22 PM	29	OAjayi	14:00	Tuesday
25AUG26.pdf	ETX-260817-0058	8/25/2026 2:25:10 PM	228	OAjayi	14:00	Tuesday
25AUG26.pdf	ETX-260817-0059	8/25/2026 2:25:31 PM	21	OAjayi	14:00	Tuesday
25AUG26.pdf	ETX-260817-0031	8/25/2026 2:31:40 PM	369	OAjayi	14:00	Tuesday
25AUG26.pdf	ETX-260817-0063	8/25/2026 2:31:54 PM	14	OAjayi	14:00	Tuesday
25AUG26.pdf	ETX-260817-0057	8/25/2026 2:34:02 PM	128	OAjayi	14:00	Tuesday
25AUG26.pdf	ETX-260817-0064	8/25/2026 2:34:36 PM	34	OAjayi	14:00	Tuesday
25AUG26.pdf	ETX-260817-0056	8/25/2026 2:36:00 PM	84	OAjayi	14:00	Tuesday
25AUG26.pdf	ETX-260817-0044	8/25/2026 2:36:18 PM	18	OAjayi	14:00	Tuesday
25AUG26.pdf	ETX-260817-0037	8/25/2026 2:36:38 PM	20	OAjayi	14:00	Tuesday
25AUG26.pdf	ETX-260817-0062	8/25/2026 2:37:10 PM	32	OAjayi	14:00	Tuesday
25AUG26.pdf	ETX-260817-0041	8/25/2026 2:38:33 PM	83	OAjayi	14:00	Tuesday
25AUG26.pdf	ETX-260817-0055	8/25/2026 2:39:13 PM	40	OAjayi	14:00	Tuesday
25AUG26.pdf	ETX-260817-0060	8/25/2026 2:39:32 PM	19	OAjayi	14:00	Tuesday
25AUG26.pdf	ETX-260817-0038	8/25/2026 2:39:44 PM	12	OAjayi	14:00	Tuesday
25AUG26.pdf	ETX-260814-0392	8/25/2026 3:00:09 PM	1225	OAjayi	15:00	Tuesday
25AUG26.pdf	ETX-260814-0463	8/25/2026 3:00:44 PM	35	OAjayi	15:00	Tuesday
25AUG26.pdf	ETX-260814-0461	8/25/2026 3:01:01 PM	17	OAjayi	15:00	Tuesday
25AUG26.pdf	ETX-260814-0451	8/25/2026 3:01:19 PM	18	OAjayi	15:00	Tuesday
25AUG26.pdf	ETX-260814-0439	8/25/2026 3:01:49 PM	30	OAjayi	15:00	Tuesday
25AUG26.pdf	ETX-260814-0062	8/25/2026 3:03:24 PM	95	OAjayi	15:00	Tuesday
25AUG26.pdf	ETX-260817-0032	8/25/2026 3:05:53 PM	149	OAjayi	15:00	Tuesday
25AUG26.pdf	ETX-260817-0040	8/25/2026 3:06:20 PM	27	OAjayi	15:00	Tuesday
25AUG26.pdf	ETX-260817-0065	8/25/2026 3:06:47 PM	27	OAjayi	15:00	Tuesday
26AUG26.pdf	ETX-260817-0048	8/26/2026 5:54:19 PM	0	OAjayi	17:00	Wednesday
26AUG26.pdf	ETX-260817-0066	8/26/2026 5:54:44 PM	25	OAjayi	17:00	Wednesday
26AUG26.pdf	ETX-260817-0035	8/26/2026 5:56:49 PM	125	OAjayi	17:00	Wednesday
26AUG26.pdf	ETX-260817-0061	8/26/2026 5:57:06 PM	17	OAjayi	17:00	Wednesday
26AUG26.pdf	ETX-260817-0046	8/26/2026 5:57:24 PM	18	OAjayi	17:00	Wednesday
26AUG26.pdf	ETX-260817-0047	8/26/2026 5:59:36 PM	132	OAjayi	17:00	Wednesday
26AUG26.pdf	ETX-260817-0034	8/26/2026 6:00:19 PM	43	OAjayi	18:00	Wednesday
26AUG26.pdf	ETX-260818-0190	8/26/2026 6:02:13 PM	114	OAjayi	18:00	Wednesday
26AUG26.pdf	ETX-260817-0274	8/26/2026 6:03:58 PM	105	OAjayi	18:00	Wednesday
26AUG26.pdf	ETX-260817-0637	8/26/2026 6:04:11 PM	13	OAjayi	18:00	Wednesday
26AUG26.pdf	ETX-260817-0354	8/26/2026 6:04:27 PM	16	OAjayi	18:00	Wednesday
26AUG26.pdf	ETX-260817-0307	8/26/2026 6:04:43 PM	16	OAjayi	18:00	Wednesday
26AUG26.pdf	ETX-260817-0696	8/26/2026 6:05:18 PM	35	OAjayi	18:00	Wednesday
26AUG26.pdf	ETX-260817-0603	8/26/2026 6:06:32 PM	74	OAjayi	18:00	Wednesday
26AUG26.pdf	ETX-260817-0697	8/26/2026 6:10:50 PM	258	OAjayi	18:00	Wednesday
26AUG26.pdf	ETX-260817-0214	8/26/2026 6:11:13 PM	23	OAjayi	18:00	Wednesday
26AUG26.pdf	ETX-260817-0445	8/26/2026 6:12:41 PM	88	OAjayi	18:00	Wednesday
26AUG26.pdf	ETX-260817-0503	8/26/2026 6:12:47 PM	6	OAjayi	18:00	Wednesday
26AUG26.pdf	ETX-260818-0169	8/26/2026 6:14:29 PM	102	OAjayi	18:00	Wednesday
26AUG26.pdf	ETX-260815-0012	8/26/2026 6:14:42 PM	13	OAjayi	18:00	Wednesday
26AUG26.pdf	ETX-260817-0686	8/26/2026 6:15:10 PM	28	OAjayi	18:00	Wednesday
26AUG26.pdf	ETX-260814-0434	8/26/2026 6:16:14 PM	64	OAjayi	18:00	Wednesday
26AUG26.pdf	ETX-260817-0224	8/26/2026 6:16:26 PM	12	OAjayi	18:00	Wednesday
26AUG26.pdf	ETX-260818-0045	8/26/2026 6:16:50 PM	24	OAjayi	18:00	Wednesday
26AUG26.pdf	ETX-260817-0736	8/26/2026 6:23:11 PM	381	OAjayi	18:00	Wednesday
26AUG26.pdf	ETX-260818-0046	8/26/2026 6:23:30 PM	19	OAjayi	18:00	Wednesday
26AUG26.pdf	ETX-260817-0680	8/26/2026 6:23:48 PM	18	OAjayi	18:00	Wednesday
26AUG26.pdf	ETX-260817-0744	8/26/2026 6:24:09 PM	21	OAjayi	18:00	Wednesday
26AUG26.pdf	ETX-260818-0047	8/26/2026 6:24:29 PM	20	OAjayi	18:00	Wednesday
26AUG26.pdf	ETX-260818-0049	8/26/2026 6:24:44 PM	15	OAjayi	18:00	Wednesday
26AUG26.pdf	ETX-260818-0434	8/26/2026 6:26:16 PM	92	OAjayi	18:00	Wednesday
26AUG26.pdf	ETX-260818-0431	8/26/2026 6:26:40 PM	24	OAjayi	18:00	Wednesday
26AUG26.pdf	ETX-260817-0110	8/26/2026 6:27:27 PM	47	OAjayi	18:00	Wednesday
26AUG26.pdf	ETX-260817-0597	8/26/2026 6:27:47 PM	20	OAjayi	18:00	Wednesday
26AUG26.pdf	ETX-260812-0784	8/26/2026 6:28:00 PM	13	OAjayi	18:00	Wednesday
26AUG26.pdf	ETX-260818-0160	8/26/2026 6:29:47 PM	107	OAjayi	18:00	Wednesday
26AUG26.pdf	ETX-260817-0342	8/26/2026 6:30:25 PM	38	OAjayi	18:00	Wednesday
26AUG26.pdf	ETX-260818-0255	8/26/2026 6:31:52 PM	87	OAjayi	18:00	Wednesday
26AUG26.pdf	ETX-260818-0438	8/26/2026 6:32:46 PM	54	OAjayi	18:00	Wednesday
26AUG26.pdf	ETX-260818-0436	8/26/2026 6:32:59 PM	13	OAjayi	18:00	Wednesday
26AUG26.pdf	ETX-260818-0426	8/26/2026 6:33:17 PM	18	OAjayi	18:00	Wednesday
27AUG26.pdf	ETX-260810-0544	8/12/2026 1:34:52 PM	0	OAjayi	13:00	Wednesday
27AUG26.pdf	ETX-260818-0625	8/27/2026 5:12:05 PM	1309033	OAjayi	17:00	Thursday
27AUG26.pdf	ETX-260817-0739	8/27/2026 5:12:22 PM	17	OAjayi	17:00	Thursday
27AUG26.pdf	ETX-260817-0706	8/27/2026 5:13:06 PM	44	OAjayi	17:00	Thursday
27AUG26.pdf	ETX-260817-0741	8/27/2026 5:13:51 PM	45	OAjayi	17:00	Thursday
27AUG26.pdf	ETX-260818-0262	8/27/2026 5:14:04 PM	13	OAjayi	17:00	Thursday
27AUG26.pdf	ETX-260818-0259	8/27/2026 5:14:17 PM	13	OAjayi	17:00	Thursday
27AUG26.pdf	ETX-260818-0283	8/27/2026 5:48:55 PM	2078	OAjayi	17:00	Thursday
27AUG26.pdf	ETX-260819-0567	8/27/2026 5:49:11 PM	16	OAjayi	17:00	Thursday
27AUG26.pdf	ETX-260818-0459	8/27/2026 5:50:27 PM	76	OAjayi	17:00	Thursday
27AUG26.pdf	ETX-260818-0298	8/27/2026 5:50:53 PM	26	OAjayi	17:00	Thursday
27AUG26.pdf	ETX-260818-0709	8/27/2026 5:51:35 PM	42	OAjayi	17:00	Thursday
27AUG26.pdf	ETX-260818-0260	8/27/2026 5:52:06 PM	31	OAjayi	17:00	Thursday
27AUG26.pdf	ETX-260818-0557	8/27/2026 5:52:59 PM	53	OAjayi	17:00	Thursday
27AUG26.pdf	ETX-260819-0083	8/27/2026 5:56:07 PM	188	OAjayi	17:00	Thursday
27AUG26.pdf	ETX-260819-0081	8/27/2026 5:56:22 PM	15	OAjayi	17:00	Thursday
27AUG26.pdf	ETX-260819-0058	8/27/2026 5:56:41 PM	19	OAjayi	17:00	Thursday
27AUG26.pdf	ETX-260819-0088	8/27/2026 5:56:58 PM	17	OAjayi	17:00	Thursday
27AUG26.pdf	ETX-260819-0085	8/27/2026 5:57:14 PM	16	OAjayi	17:00	Thursday
27AUG26.pdf	ETX-260819-0063	8/27/2026 5:57:38 PM	24	OAjayi	17:00	Thursday
27AUG26.pdf	ETX-260819-0087	8/27/2026 5:58:01 PM	23	OAjayi	17:00	Thursday
27AUG26.pdf	ETX-260819-0079	8/27/2026 5:58:41 PM	40	OAjayi	17:00	Thursday
27AUG26.pdf	ETX-260819-0062	8/27/2026 5:59:06 PM	25	OAjayi	17:00	Thursday
27AUG26.pdf	ETX-260819-0060	8/27/2026 5:59:25 PM	19	OAjayi	17:00	Thursday
27AUG26.pdf	ETX-260819-0070	8/27/2026 5:59:39 PM	14	OAjayi	17:00	Thursday
27AUG26.pdf	ETX-260819-0090	8/27/2026 5:59:56 PM	17	OAjayi	17:00	Thursday
27AUG26.pdf	ETX-260819-0061	8/27/2026 6:00:12 PM	16	OAjayi	18:00	Thursday
27AUG26.pdf	ETX-260819-0505	8/27/2026 6:20:23 PM	1211	OAjayi	18:00	Thursday
27AUG26.pdf	ETX-260819-0750	8/27/2026 6:21:05 PM	42	OAjayi	18:00	Thursday
27AUG26.pdf	ETX-260819-0629	8/27/2026 6:21:39 PM	34	OAjayi	18:00	Thursday
27AUG26.pdf	ETX-260819-0561	8/27/2026 6:22:52 PM	73	OAjayi	18:00	Thursday
27AUG26.pdf	ETX-260818-0645	8/27/2026 6:24:01 PM	69	OAjayi	18:00	Thursday
27AUG26.pdf	ETX-260819-0417	8/27/2026 6:26:17 PM	136	OAjayi	18:00	Thursday
27AUG26.pdf	ETX-260819-0511	8/27/2026 6:27:32 PM	75	OAjayi	18:00	Thursday
27AUG26.pdf	ETX-260819-0053	8/27/2026 6:29:37 PM	125	OAjayi	18:00	Thursday
27AUG26.pdf	ETX-260819-0544	8/27/2026 6:29:59 PM	22	OAjayi	18:00	Thursday
27AUG26.pdf	ETX-260818-0562	8/27/2026 6:30:24 PM	25	OAjayi	18:00	Thursday
27AUG26.pdf	ETX-260819-0418	8/27/2026 6:31:03 PM	39	OAjayi	18:00	Thursday
27AUG26.pdf	ETX-260818-0201	8/27/2026 6:32:02 PM	59	OAjayi	18:00	Thursday
27AUG26.pdf	ETX-260819-0519	8/27/2026 6:32:11 PM	9	OAjayi	18:00	Thursday
27AUG26.pdf	ETX-260819-0624	8/27/2026 6:33:56 PM	105	OAjayi	18:00	Thursday
27AUG26.pdf	ETX-260817-0673	8/27/2026 6:34:18 PM	22	OAjayi	18:00	Thursday
27AUG26.pdf	ETX-260819-0069	8/27/2026 6:35:28 PM	70	OAjayi	18:00	Thursday
27AUG26.pdf	ETX-260819-0407	8/27/2026 6:35:38 PM	10	OAjayi	18:00	Thursday
27AUG26.pdf	ETX-260819-0409	8/27/2026 6:35:49 PM	11	OAjayi	18:00	Thursday
27AUG26.pdf	ETX-260820-0055	8/27/2026 6:36:04 PM	15	OAjayi	18:00	Thursday
28AUG26.pdf	ETX-260819-0339	8/28/2026 2:52:25 PM	0	OAjayi	14:00	Friday
28AUG26.pdf	ETX-260819-0335	8/28/2026 2:58:20 PM	355	OAjayi	14:00	Friday
28AUG26.pdf	ETX-260819-0334	8/28/2026 2:58:33 PM	13	OAjayi	14:00	Friday
28AUG26.pdf	ETX-260819-0338	8/28/2026 2:58:49 PM	16	OAjayi	14:00	Friday
28AUG26.pdf	ETX-260819-0342	8/28/2026 2:59:29 PM	40	OAjayi	14:00	Friday
28AUG26.pdf	ETX-260819-0337	8/28/2026 2:59:52 PM	23	OAjayi	14:00	Friday
28AUG26.pdf	ETX-260819-0521	8/28/2026 3:02:59 PM	187	OAjayi	15:00	Friday
28AUG26.pdf	ETX-260820-0014	8/28/2026 3:03:12 PM	13	OAjayi	15:00	Friday
28AUG26.pdf	ETX-260819-0278	8/28/2026 3:03:31 PM	19	OAjayi	15:00	Friday
28AUG26.pdf	ETX-260819-0330	8/28/2026 3:04:15 PM	44	OAjayi	15:00	Friday
28AUG26.pdf	ETX-260820-0069	8/28/2026 3:05:23 PM	68	OAjayi	15:00	Friday
28AUG26.pdf	ETX-260820-0120	8/28/2026 3:06:55 PM	92	OAjayi	15:00	Friday
28AUG26.pdf	ETX-260819-0075	8/28/2026 3:07:38 PM	43	OAjayi	15:00	Friday
28AUG26.pdf	ETX-260820-0146	8/28/2026 3:08:04 PM	26	OAjayi	15:00	Friday
28AUG26.pdf	ETX-260820-0135	8/28/2026 3:08:18 PM	14	OAjayi	15:00	Friday
28AUG26.pdf	ETX-260820-0145	8/28/2026 3:08:31 PM	13	OAjayi	15:00	Friday
28AUG26.pdf	ETX-260819-0089	8/28/2026 3:08:50 PM	19	OAjayi	15:00	Friday
28AUG26.pdf	ETX-260820-0102	8/28/2026 3:09:05 PM	15	OAjayi	15:00	Friday
28AUG26.pdf	ETX-260820-0078	8/28/2026 3:10:20 PM	75	OAjayi	15:00	Friday
28AUG26.pdf	ETX-260820-0067	8/28/2026 3:10:31 PM	11	OAjayi	15:00	Friday
28AUG26.pdf	ETX-260820-0070	8/28/2026 3:10:52 PM	21	OAjayi	15:00	Friday
28AUG26.pdf	ETX-260820-0080	8/28/2026 3:11:23 PM	31	OAjayi	15:00	Friday
28AUG26.pdf	ETX-260820-0062	8/28/2026 3:11:48 PM	25	OAjayi	15:00	Friday
28AUG26.pdf	ETX-260820-0076	8/28/2026 3:12:20 PM	32	OAjayi	15:00	Friday
28AUG26.pdf	ETX-260820-0561	8/28/2026 3:15:35 PM	195	OAjayi	15:00	Friday
28AUG26.pdf	ETX-260818-0362	8/28/2026 3:37:20 PM	1305	OAjayi	15:00	Friday
28AUG26.pdf	ETX-260820-0500	8/28/2026 3:38:39 PM	79	OAjayi	15:00	Friday
31AUG26.pdf	ETX-260820-0095	8/31/2026 3:17:12 PM	0	OAjayi	15:00	Monday
31AUG26.pdf	ETX-260820-0495	8/31/2026 3:18:29 PM	77	OAjayi	15:00	Monday
31AUG26.pdf	ETX-260820-0155	8/31/2026 3:19:13 PM	44	OAjayi	15:00	Monday
31AUG26.pdf	ETX-260820-0154	8/31/2026 3:20:26 PM	73	OAjayi	15:00	Monday
31AUG26.pdf	ETX-260820-0139	8/31/2026 3:20:43 PM	17	OAjayi	15:00	Monday
31AUG26.pdf	ETX-260818-0131	8/31/2026 3:22:36 PM	113	OAjayi	15:00	Monday
31AUG26.pdf	ETX-260819-0345	8/31/2026 3:23:16 PM	40	OAjayi	15:00	Monday
31AUG26.pdf	ETX-260820-0151	8/31/2026 3:24:02 PM	46	OAjayi	15:00	Monday
31AUG26.pdf	ETX-260820-0594	8/31/2026 3:28:17 PM	255	OAjayi	15:00	Monday
31AUG26.pdf	ETX-260819-0549	8/31/2026 3:29:53 PM	96	OAjayi	15:00	Monday
31AUG26.pdf	ETX-260820-0547	8/31/2026 3:31:10 PM	77	OAjayi	15:00	Monday
31AUG26.pdf	ETX-260820-0544	8/31/2026 3:31:55 PM	45	OAjayi	15:00	Monday
31AUG26.pdf	ETX-260819-0621	8/31/2026 3:32:23 PM	28	OAjayi	15:00	Monday
31AUG26.pdf	ETX-260820-0524	8/31/2026 3:33:06 PM	43	OAjayi	15:00	Monday
31AUG26.pdf	ETX-260819-0618	8/31/2026 3:34:15 PM	69	OAjayi	15:00	Monday
31AUG26.pdf	ETX-260820-0540	8/31/2026 3:36:12 PM	117	OAjayi	15:00	Monday
31AUG26.pdf	ETX-260819-0542	8/31/2026 3:36:55 PM	43	OAjayi	15:00	Monday
31AUG26.pdf	ETX-260820-0635	8/31/2026 3:41:04 PM	249	OAjayi	15:00	Monday
31AUG26.pdf	ETX-260821-0302	8/31/2026 3:42:14 PM	70	OAjayi	15:00	Monday
31AUG26.pdf	ETX-260819-0715	8/31/2026 3:43:32 PM	78	OAjayi	15:00	Monday
31AUG26.pdf	ETX-260820-0677	8/31/2026 3:44:11 PM	39	OAjayi	15:00	Monday
31AUG26.pdf	ETX-260820-0689	8/31/2026 3:45:36 PM	85	OAjayi	15:00	Monday
31AUG26.pdf	ETX-260820-0675	8/31/2026 3:46:03 PM	27	OAjayi	15:00	Monday
31AUG26.pdf	ETX-260821-0521	8/31/2026 3:47:09 PM	66	OAjayi	15:00	Monday
31AUG26.pdf	ETX-260817-0542	8/31/2026 3:49:57 PM	168	OAjayi	15:00	Monday
31AUG26.pdf	ETX-260820-0501	8/31/2026 3:50:37 PM	40	OAjayi	15:00	Monday
31AUG26.pdf	ETX-260820-0706	8/31/2026 3:51:17 PM	40	OAjayi	15:00	Monday
31AUG26.pdf	ETX-260821-0002	8/31/2026 3:51:45 PM	28	OAjayi	15:00	Monday
31AUG26.pdf	ETX-260821-0432	8/31/2026 3:52:33 PM	48	OAjayi	15:00	Monday
31AUG26.pdf	ETX-260820-0701	8/31/2026 3:55:50 PM	197	OAjayi	15:00	Monday
31AUG26.pdf	ETX-260820-0611	8/31/2026 3:56:18 PM	28	OAjayi	15:00	Monday
31AUG26.pdf	ETX-260820-0337	8/31/2026 3:58:37 PM	139	OAjayi	15:00	Monday
31AUG26.pdf	ETX-260821-0254	8/31/2026 3:59:22 PM	45	OAjayi	15:00	Monday
31AUG26.pdf	ETX-260819-0536	8/31/2026 4:00:19 PM	57	OAjayi	16:00	Monday
31AUG26.pdf	ETX-260820-0114	8/31/2026 4:00:57 PM	38	OAjayi	16:00	Monday
31AUG26.pdf	ETX-260820-0392	8/31/2026 4:02:06 PM	69	OAjayi	16:00	Monday
31AUG26.pdf	ETX-260820-0088	8/31/2026 4:02:36 PM	30	OAjayi	16:00	Monday
31AUG26.pdf	ETX-260821-0474	8/31/2026 4:04:08 PM	92	OAjayi	16:00	Monday
31AUG26.pdf	ETX-260821-0451	8/31/2026 4:04:53 PM	45	OAjayi	16:00	Monday
31AUG26.pdf	ETX-260821-0541	8/31/2026 4:06:43 PM	110	OAjayi	16:00	Monday
31AUG26.pdf	ETX-260821-0192	8/31/2026 4:07:24 PM	41	OAjayi	16:00	Monday
31AUG26.pdf	ETX-260821-0475	8/31/2026 4:08:35 PM	71	OAjayi	16:00	Monday
31AUG26.pdf	ETX-260821-0476	8/31/2026 4:10:05 PM	90	OAjayi	16:00	Monday
31AUG26.pdf	ETX-260819-0599	8/31/2026 4:10:45 PM	40	OAjayi	16:00	Monday
31AUG26.pdf	ETX-260821-0473	8/31/2026 4:12:49 PM	124	OAjayi	16:00	Monday
31AUG26.pdf	ETX-260821-0449	8/31/2026 4:13:45 PM	56	OAjayi	16:00	Monday
31AUG26.pdf	ETX-260821-0459	8/31/2026 4:14:43 PM	58	OAjayi	16:00	Monday
31AUG26.pdf	ETX-260821-0206	8/31/2026 4:15:44 PM	61	OAjayi	16:00	Monday
31AUG26.pdf	ETX-260821-0538	8/31/2026 4:16:33 PM	49	OAjayi	16:00	Monday
31AUG26.pdf	ETX-260820-0536	8/31/2026 4:19:29 PM	176	OAjayi	16:00	Monday
31AUG26.pdf	ETX-260820-0377	8/31/2026 4:20:08 PM	39	OAjayi	16:00	Monday
31AUG26.pdf	ETX-260821-0536	9/1/2026 3:26:28 PM	83180	OAjayi	15:00	Tuesday